employeeID,cn,givenName,sn,displayName,sAMAccountName,userPrincipalName,telephoneNumber,department,title
000001,Dex Aeije,Dex,Aeije,Dex Aeije,dexaeije,dexaeije@bedrijf.local,+31-624153946,IT,Security Analist
000002,Esmée van Ochten,Esmée,van Ochten,Esmée van Ochten,esmvanochten,esmvanochten@bedrijf.local,+31-647396248,IT,IT Support Specialist
000003,Senn van der Sande,Senn,van der Sande,Senn van der Sande,senvandersande,senvandersande@bedrijf.local,+31-669811927,IT,Systeem beheerder
000004,Laurens Boer,Laurens,Boer,Laurens Boer,lauboer,lauboer@bedrijf.local,+31-662957664,IT,Systeem beheerder
000005,Yasmine Kuit,Yasmine,Kuit,Yasmine Kuit,yaskuit,yaskuit@bedrijf.local,+31-630925553,IT,Systeem beheerder
000006,Julie Blewanus,Julie,Blewanus,Julie Blewanus,julblewanus,julblewanus@bedrijf.local,+31-691161559,IT,Software Engineer
000007,Aaliyah Gerritse,Aaliyah,Gerritse,Aaliyah Gerritse,aalgerritse,aalgerritse@bedrijf.local,+31-649820595,IT,Software Engineer
000008,Bradley van Bovenen,Bradley,van Bovenen,Bradley van Bovenen,bravanbovenen,bravanbovenen@bedrijf.local,+31-612155519,IT,Security Analist
000009,Boaz Lamore,Boaz,Lamore,Boaz Lamore,boalamore,boalamore@bedrijf.local,+31-644826415,IT,Netwerk beheerder
000010,Robin Bleijenberg,Robin,Bleijenberg,Robin Bleijenberg,robbleijenberg,robbleijenberg@bedrijf.local,+31-620292952,IT,Helpdesk Technicus
000011,Madelief van Dommelen,Madelief,van Dommelen,Madelief van Dommelen,madvandommelen,madvandommelen@bedrijf.local,+31-668622066,IT,Netwerk beheerder
000012,Bram de Reede,Bram,de Reede,Bram de Reede,bradereede,bradereede@bedrijf.local,+31-673285031,IT,Systeem beheerder
000013,Floris Keijser,Floris,Keijser,Floris Keijser,flokeijser,flokeijser@bedrijf.local,+31-698087572,IT,IT Support Specialist
000014,Selena van Loon,Selena,van Loon,Selena van Loon,selvanloon,selvanloon@bedrijf.local,+31-687232530,IT,Software Engineer
000015,Seth Bronder,Seth,Bronder,Seth Bronder,setbronder,setbronder@bedrijf.local,+31-624303965,IT,IT Support Specialist
000016,Liam Meis,Liam,Meis,Liam Meis,liameis,liameis@bedrijf.local,+31-638442093,IT,Helpdesk Technicus
000017,Alicia Scholten,Alicia,Scholten,Alicia Scholten,alischolten,alischolten@bedrijf.local,+31-664970105,IT,Helpdesk Technicus
000018,Brent Nihoe,Brent,Nihoe,Brent Nihoe,brenihoe,brenihoe@bedrijf.local,+31-645204752,IT,Systeem beheerder
000019,Ruben van de Velden,Ruben,van de Velden,Ruben van de Velden,rubvandevelden,rubvandevelden@bedrijf.local,+31-644503456,HR,HR Specialist
000020,Elias Potters,Elias,Potters,Elias Potters,elipotters,elipotters@bedrijf.local,+31-696802234,HR,HR Administrator
000021,Amelia de Keijser,Amelia,de Keijser,Amelia de Keijser,amedekeijser,amedekeijser@bedrijf.local,+31-612483989,HR,HR Administrator
000022,Amy van Bovenen,Amy,van Bovenen,Amy van Bovenen,amyvanbovenen,amyvanbovenen@bedrijf.local,+31-690042279,HR,HR Specialist
000023,Dewi Demmendaal,Dewi,Demmendaal,Dewi Demmendaal,dewdemmendaal,dewdemmendaal@bedrijf.local,+31-615105057,HR,Recruiter
000024,Aimée Verhoeven,Aimée,Verhoeven,Aimée Verhoeven,aimverhoeven,aimverhoeven@bedrijf.local,+31-641350880,HR,HR Administrator
000025,Tobias Simons,Tobias,Simons,Tobias Simons,tobsimons,tobsimons@bedrijf.local,+31-689706588,HR,HR Manager
000026,Elisabeth Bos,Elisabeth,Bos,Elisabeth Bos,elibos,elibos@bedrijf.local,+31-611412770,HR,HR Manager
000027,Cato Ponci,Cato,Ponci,Cato Ponci,catponci,catponci@bedrijf.local,+31-621833625,HR,Recruiter
000028,Stefan Verda,Stefan,Verda,Stefan Verda,steverda,steverda@bedrijf.local,+31-689907093,HR,HR Administrator
000029,Pepijn van Gastel,Pepijn,van Gastel,Pepijn van Gastel,pepvangastel,pepvangastel@bedrijf.local,+31-660179901,HR,Recruiter
000030,Joël Pieters van der Maes,Joël,Pieters van der Maes,Joël Pieters van der Maes,joëpietersvandermaes,joëpietersvandermaes@bedrijf.local,+31-691258308,HR,HR Specialist
000031,Leah Meeres,Leah,Meeres,Leah Meeres,leameeres,leameeres@bedrijf.local,+31-637772595,HR,HR Administrator
000032,Sil Weeldenburg,Sil,Weeldenburg,Sil Weeldenburg,silweeldenburg,silweeldenburg@bedrijf.local,+31-666874151,HR,HR Manager
000033,Lizz de Wit,Lizz,de Wit,Lizz de Wit,lizdewit,lizdewit@bedrijf.local,+31-624838855,HR,HR Manager
000034,Mick Oosterhout,Mick,Oosterhout,Mick Oosterhout,micoosterhout,micoosterhout@bedrijf.local,+31-630251473,HR,HR Manager
000035,Ryan Melet,Ryan,Melet,Ryan Melet,ryamelet,ryamelet@bedrijf.local,+31-610403567,HR,Recruiter
000036,Jelte van de Velde,Jelte,van de Velde,Jelte van de Velde,jelvandevelde,jelvandevelde@bedrijf.local,+31-619871349,HR,HR Manager
000037,Ruben Jacobs,Ruben,Jacobs,Ruben Jacobs,rubjacobs,rubjacobs@bedrijf.local,+31-682485102,HR,HR Administrator
000038,Timo Peters,Timo,Peters,Timo Peters,timpeters,timpeters@bedrijf.local,+31-652220538,HR,HR Manager
000039,Sara de Korte,Sara,de Korte,Sara de Korte,sardekorte,sardekorte@bedrijf.local,+31-627907159,HR,HR Administrator
000040,Ilse Keijser,Ilse,Keijser,Ilse Keijser,ilskeijser,ilskeijser@bedrijf.local,+31-677544255,HR,Recruiter
000041,Linde Arnold,Linde,Arnold,Linde Arnold,linarnold,linarnold@bedrijf.local,+31-616215088,HR,HR Manager
000042,Elize den Buytelaar,Elize,den Buytelaar,Elize den Buytelaar,elidenbuytelaar,elidenbuytelaar@bedrijf.local,+31-674585766,HR,HR Manager
000043,Ecrin Spies,Ecrin,Spies,Ecrin Spies,ecrspies,ecrspies@bedrijf.local,+31-643536201,HR,HR Manager
000044,Loïs Doyle,Loïs,Doyle,Loïs Doyle,loïdoyle,loïdoyle@bedrijf.local,+31-625349452,HR,HR Manager
000045,Giel Molegraaf,Giel,Molegraaf,Giel Molegraaf,giemolegraaf,giemolegraaf@bedrijf.local,+31-642474385,HR,HR Manager
000046,Nova Huijbrechts,Nova,Huijbrechts,Nova Huijbrechts,novhuijbrechts,novhuijbrechts@bedrijf.local,+31-668840511,HR,HR Specialist
000047,Jayda Klein,Jayda,Klein,Jayda Klein,jayklein,jayklein@bedrijf.local,+31-611811299,HR,HR Manager
000048,Bryan Adriaensdr,Bryan,Adriaensdr,Bryan Adriaensdr,bryadriaensdr,bryadriaensdr@bedrijf.local,+31-629694599,HR,HR Manager
000049,Fenne Zwart,Fenne,Zwart,Fenne Zwart,fenzwart,fenzwart@bedrijf.local,+31-651136033,HR,HR Specialist
000050,Lenn Walsteijn,Lenn,Walsteijn,Lenn Walsteijn,lenwalsteijn,lenwalsteijn@bedrijf.local,+31-635122267,HR,HR Specialist
000051,Elize Salet,Elize,Salet,Elize Salet,elisalet,elisalet@bedrijf.local,+31-649717412,HR,HR Manager
000052,Janna Everts,Janna,Everts,Janna Everts,janeverts,janeverts@bedrijf.local,+31-696138341,HR,HR Specialist
000053,Dewi Prins,Dewi,Prins,Dewi Prins,dewprins,dewprins@bedrijf.local,+31-698912614,HR,HR Manager
000054,Joëlle de Strigter,Joëlle,de Strigter,Joëlle de Strigter,joëdestrigter,joëdestrigter@bedrijf.local,+31-616870314,HR,HR Manager
000055,Floor Holthuis,Floor,Holthuis,Floor Holthuis,floholthuis,floholthuis@bedrijf.local,+31-637595459,HR,Recruiter
000056,Milou Huijzing,Milou,Huijzing,Milou Huijzing,milhuijzing,milhuijzing@bedrijf.local,+31-671781701,Financieel,Finance Manager
000057,Lotte van Buuren,Lotte,van Buuren,Lotte van Buuren,lotvanbuuren,lotvanbuuren@bedrijf.local,+31-673611529,Financieel,Financiele Analist
000058,Oscar Françoise,Oscar,Françoise,Oscar Françoise,oscfrançoise,oscfrançoise@bedrijf.local,+31-695983090,Financieel,Financiele Analist
000059,Hanna van der Laan,Hanna,van der Laan,Hanna van der Laan,hanvanderlaan,hanvanderlaan@bedrijf.local,+31-692737704,Financieel,Payroll Specialist
000060,Sienna van Doorn,Sienna,van Doorn,Sienna van Doorn,sievandoorn,sievandoorn@bedrijf.local,+31-633435517,Financieel,Accountant
000061,Stella Holthuis,Stella,Holthuis,Stella Holthuis,steholthuis,steholthuis@bedrijf.local,+31-650170572,Financieel,Payroll Specialist
000062,Ceylin van Opper-Lotharingen,Ceylin,van Opper-Lotharingen,Ceylin van Opper-Lotharingen,ceyvanopper-lotharingen,ceyvanopper-lotharingen@bedrijf.local,+31-699149446,Financieel,Accountant
000063,Meike Jacobi,Meike,Jacobi,Meike Jacobi,meijacobi,meijacobi@bedrijf.local,+31-665922815,Financieel,Finance Manager
000064,Jordy Korstman,Jordy,Korstman,Jordy Korstman,jorkorstman,jorkorstman@bedrijf.local,+31-638986542,Financieel,Accountant
000065,Cornelis Bresse,Cornelis,Bresse,Cornelis Bresse,corbresse,corbresse@bedrijf.local,+31-669789600,Financieel,Accountant
000066,Ayoub Boer,Ayoub,Boer,Ayoub Boer,ayoboer,ayoboer@bedrijf.local,+31-635651527,Financieel,Finance Manager
000067,Liv Helmerhorst,Liv,Helmerhorst,Liv Helmerhorst,livhelmerhorst,livhelmerhorst@bedrijf.local,+31-643591237,Financieel,Payroll Specialist
000068,Victoria Coolen,Victoria,Coolen,Victoria Coolen,viccoolen,viccoolen@bedrijf.local,+31-644704723,Financieel,Payroll Specialist
000069,Ilse Stuivenberg,Ilse,Stuivenberg,Ilse Stuivenberg,ilsstuivenberg,ilsstuivenberg@bedrijf.local,+31-620228276,Financieel,Payroll Specialist
000070,Collin Tamsma,Collin,Tamsma,Collin Tamsma,coltamsma,coltamsma@bedrijf.local,+31-612366079,Financieel,Financiele Analist
000071,Jonas Jacobs,Jonas,Jacobs,Jonas Jacobs,jonjacobs,jonjacobs@bedrijf.local,+31-620706899,Financieel,Finance Manager
000072,Mika Robbrechts Bruijne,Mika,Robbrechts Bruijne,Mika Robbrechts Bruijne,mikrobbrechtsbruijne,mikrobbrechtsbruijne@bedrijf.local,+31-684044777,Financieel,Financiele Analist
000073,Alex Jaceps,Alex,Jaceps,Alex Jaceps,alejaceps,alejaceps@bedrijf.local,+31-667165652,Financieel,Accountant
000074,Nadine Muijs,Nadine,Muijs,Nadine Muijs,nadmuijs,nadmuijs@bedrijf.local,+31-666448720,Financieel,Finance Manager
000075,Quinty Wright,Quinty,Wright,Quinty Wright,quiwright,quiwright@bedrijf.local,+31-697745735,Financieel,Finance Manager
000076,Thijs Huel,Thijs,Huel,Thijs Huel,thihuel,thihuel@bedrijf.local,+31-665745403,Financieel,Payroll Specialist
000077,Jason Ketting,Jason,Ketting,Jason Ketting,jasketting,jasketting@bedrijf.local,+31-661098546,Financieel,Accountant
000078,Jamie van Haeften,Jamie,van Haeften,Jamie van Haeften,jamvanhaeften,jamvanhaeften@bedrijf.local,+31-681657158,Financieel,Financiele Analist
000079,Mia Mens,Mia,Mens,Mia Mens,miamens,miamens@bedrijf.local,+31-671897714,Financieel,Financiele Analist
000080,Ayden van Beek,Ayden,van Beek,Ayden van Beek,aydvanbeek,aydvanbeek@bedrijf.local,+31-610606063,Financieel,Finance Manager
000081,Ryan de Grote,Ryan,de Grote,Ryan de Grote,ryadegrote,ryadegrote@bedrijf.local,+31-655397108,Financieel,Payroll Specialist
000082,Yasmin Kremer,Yasmin,Kremer,Yasmin Kremer,yaskremer,yaskremer@bedrijf.local,+31-697945907,Financieel,Finance Manager
000083,Romy Voortman,Romy,Voortman,Romy Voortman,romvoortman,romvoortman@bedrijf.local,+31-651038400,Financieel,Finance Manager
000084,Loes van Bruchem,Loes,van Bruchem,Loes van Bruchem,loevanbruchem,loevanbruchem@bedrijf.local,+31-664494903,Financieel,Payroll Specialist
000085,Daan van Praagh,Daan,van Praagh,Daan van Praagh,daavanpraagh,daavanpraagh@bedrijf.local,+31-640914437,Financieel,Accountant
000086,Lina van Wassenaar,Lina,van Wassenaar,Lina van Wassenaar,linvanwassenaar,linvanwassenaar@bedrijf.local,+31-646434931,Financieel,Accountant
000087,Evelien van Duyvenvoorde,Evelien,van Duyvenvoorde,Evelien van Duyvenvoorde,evevanduyvenvoorde,evevanduyvenvoorde@bedrijf.local,+31-660556050,Sales,Sales Vertegenwoordiger
000088,Aiden Smits,Aiden,Smits,Aiden Smits,aidsmits,aidsmits@bedrijf.local,+31-625762308,Sales,Sales Manager
000089,Sanne Aelftrud van Wessex,Sanne,Aelftrud van Wessex,Sanne Aelftrud van Wessex,sanaelftrudvanwessex,sanaelftrudvanwessex@bedrijf.local,+31-651305526,Sales,Sales Vertegenwoordiger
000090,Ties van Munster,Ties,van Munster,Ties van Munster,tievanmunster,tievanmunster@bedrijf.local,+31-678708326,Sales,Account Manager
000091,Cas Brievingh,Cas,Brievingh,Cas Brievingh,casbrievingh,casbrievingh@bedrijf.local,+31-662129392,Sales,Sales Vertegenwoordiger
000092,Boris Rousselet,Boris,Rousselet,Boris Rousselet,borrousselet,borrousselet@bedrijf.local,+31-651542462,Sales,Sales Manager
000093,Sem Prinsen,Sem,Prinsen,Sem Prinsen,semprinsen,semprinsen@bedrijf.local,+31-635872401,Sales,Business Ontwikkeling Specialist
000094,Fenna Vaessen,Fenna,Vaessen,Fenna Vaessen,fenvaessen,fenvaessen@bedrijf.local,+31-674217852,Sales,Business Ontwikkeling Specialist
000095,Selina Verkade,Selina,Verkade,Selina Verkade,selverkade,selverkade@bedrijf.local,+31-621131792,Sales,Account Manager
000096,Rayan van der Smeede,Rayan,van der Smeede,Rayan van der Smeede,rayvandersmeede,rayvandersmeede@bedrijf.local,+31-673621830,Sales,Business Ontwikkeling Specialist
000097,Naomi Gruijl,Naomi,Gruijl,Naomi Gruijl,naogruijl,naogruijl@bedrijf.local,+31-662387846,Sales,Sales Vertegenwoordiger
000098,Kyara Perck,Kyara,Perck,Kyara Perck,kyaperck,kyaperck@bedrijf.local,+31-685262556,Sales,Business Ontwikkeling Specialist
000099,Sil Heijman,Sil,Heijman,Sil Heijman,silheijman,silheijman@bedrijf.local,+31-660647127,Sales,Business Ontwikkeling Specialist
000100,Valentijn Spaan,Valentijn,Spaan,Valentijn Spaan,valspaan,valspaan@bedrijf.local,+31-644189634,Sales,Sales Vertegenwoordiger
000101,Mats Borman,Mats,Borman,Mats Borman,matborman,matborman@bedrijf.local,+31-696977006,Sales,Sales Manager
000102,Nienke van den Broek,Nienke,van den Broek,Nienke van den Broek,nievandenbroek,nievandenbroek@bedrijf.local,+31-693399131,Sales,Business Ontwikkeling Specialist
000103,Riley Heyne,Riley,Heyne,Riley Heyne,rilheyne,rilheyne@bedrijf.local,+31-667972976,Sales,Business Ontwikkeling Specialist
000104,Valentijn Aertsz,Valentijn,Aertsz,Valentijn Aertsz,valaertsz,valaertsz@bedrijf.local,+31-683004228,Sales,Business Ontwikkeling Specialist
000105,Lot Neuteboom,Lot,Neuteboom,Lot Neuteboom,lotneuteboom,lotneuteboom@bedrijf.local,+31-680365689,Sales,Sales Manager
000106,Rayan Genefaas,Rayan,Genefaas,Rayan Genefaas,raygenefaas,raygenefaas@bedrijf.local,+31-661271232,Sales,Sales Manager
000107,Michelle Ooms,Michelle,Ooms,Michelle Ooms,micooms,micooms@bedrijf.local,+31-652601961,Sales,Account Manager
000108,Emir Kort,Emir,Kort,Emir Kort,emikort,emikort@bedrijf.local,+31-695856603,Sales,Sales Manager
000109,Elin van der Kaay,Elin,van der Kaay,Elin van der Kaay,elivanderkaay,elivanderkaay@bedrijf.local,+31-655982016,Sales,Sales Vertegenwoordiger
000110,Amber van Liendert,Amber,van Liendert,Amber van Liendert,ambvanliendert,ambvanliendert@bedrijf.local,+31-661766605,Sales,Sales Vertegenwoordiger
000111,Julian van Stralen,Julian,van Stralen,Julian van Stralen,julvanstralen,julvanstralen@bedrijf.local,+31-694499819,Sales,Business Ontwikkeling Specialist
000112,Abel Scherms,Abel,Scherms,Abel Scherms,abescherms,abescherms@bedrijf.local,+31-654559310,Sales,Sales Vertegenwoordiger
000113,Loïs Maas,Loïs,Maas,Loïs Maas,loïmaas,loïmaas@bedrijf.local,+31-686352158,Sales,Business Ontwikkeling Specialist
000114,Riley Bourgondië, van,Riley,Bourgondië, van,Riley Bourgondië, van,rilbourgondië,van,rilbourgondië,van@bedrijf.local,+31-633102126,Sales,Account Manager
000115,Jill Uphus,Jill,Uphus,Jill Uphus,jiluphus,jiluphus@bedrijf.local,+31-659540213,Sales,Sales Vertegenwoordiger
000116,Juliette Prins,Juliette,Prins,Juliette Prins,julprins,julprins@bedrijf.local,+31-677377240,Sales,Sales Manager
000117,Tess de Bruijn,Tess,de Bruijn,Tess de Bruijn,tesdebruijn,tesdebruijn@bedrijf.local,+31-680664879,Sales,Account Manager
000118,Evi Jans,Evi,Jans,Evi Jans,evijans,evijans@bedrijf.local,+31-675016199,Sales,Sales Vertegenwoordiger
000119,Zoey Slingerland,Zoey,Slingerland,Zoey Slingerland,zoeslingerland,zoeslingerland@bedrijf.local,+31-637105756,Sales,Business Ontwikkeling Specialist
000120,Maarten Heymans,Maarten,Heymans,Maarten Heymans,maaheymans,maaheymans@bedrijf.local,+31-651681588,Sales,Sales Manager
000121,David van der Laar,David,van der Laar,David van der Laar,davvanderlaar,davvanderlaar@bedrijf.local,+31-640069156,Sales,Account Manager
000122,Jet Keltenie,Jet,Keltenie,Jet Keltenie,jetkeltenie,jetkeltenie@bedrijf.local,+31-658307935,Sales,Sales Vertegenwoordiger
000123,Wouter van Orleans,Wouter,van Orleans,Wouter van Orleans,wouvanorleans,wouvanorleans@bedrijf.local,+31-699311973,Sales,Business Ontwikkeling Specialist
000124,Sven van Gorp,Sven,van Gorp,Sven van Gorp,svevangorp,svevangorp@bedrijf.local,+31-615868074,Sales,Sales Manager
000125,Alexander Verbruggen,Alexander,Verbruggen,Alexander Verbruggen,aleverbruggen,aleverbruggen@bedrijf.local,+31-685213956,Sales,Sales Manager
000126,Chloé Mulder,Chloé,Mulder,Chloé Mulder,chlmulder,chlmulder@bedrijf.local,+31-625675907,Sales,Sales Manager
000127,Emily van Opper-Lotharingen,Emily,van Opper-Lotharingen,Emily van Opper-Lotharingen,emivanopper-lotharingen,emivanopper-lotharingen@bedrijf.local,+31-671183302,Sales,Sales Vertegenwoordiger
000128,Lara van der Spaendonck,Lara,van der Spaendonck,Lara van der Spaendonck,larvanderspaendonck,larvanderspaendonck@bedrijf.local,+31-671523250,Sales,Sales Manager
000129,Nathan Ouwel,Nathan,Ouwel,Nathan Ouwel,natouwel,natouwel@bedrijf.local,+31-673035913,Sales,Business Ontwikkeling Specialist
000130,Sepp van Bernicia,Sepp,van Bernicia,Sepp van Bernicia,sepvanbernicia,sepvanbernicia@bedrijf.local,+31-634259495,Sales,Sales Manager
000131,Feline Bud,Feline,Bud,Feline Bud,felbud,felbud@bedrijf.local,+31-628083794,Sales,Business Ontwikkeling Specialist
000132,Tijn Overdijk,Tijn,Overdijk,Tijn Overdijk,tijoverdijk,tijoverdijk@bedrijf.local,+31-665274201,Sales,Sales Manager
000133,Selena Lagerweij,Selena,Lagerweij,Selena Lagerweij,sellagerweij,sellagerweij@bedrijf.local,+31-619747369,Sales,Sales Manager
000134,Jim Hulshouts,Jim,Hulshouts,Jim Hulshouts,jimhulshouts,jimhulshouts@bedrijf.local,+31-616859303,Sales,Account Manager
000135,Jade Pison,Jade,Pison,Jade Pison,jadpison,jadpison@bedrijf.local,+31-620819073,Sales,Business Ontwikkeling Specialist
000136,Luka van Embden,Luka,van Embden,Luka van Embden,lukvanembden,lukvanembden@bedrijf.local,+31-625367812,Sales,Sales Manager
000137,Bjorn de Lange,Bjorn,de Lange,Bjorn de Lange,bjodelange,bjodelange@bedrijf.local,+31-652791237,Sales,Account Manager
000138,Chloë den Haag,Chloë,den Haag,Chloë den Haag,chldenhaag,chldenhaag@bedrijf.local,+31-619701538,Sales,Sales Manager
000139,Yfke Weeldenburg,Yfke,Weeldenburg,Yfke Weeldenburg,yfkweeldenburg,yfkweeldenburg@bedrijf.local,+31-662076023,Sales,Sales Manager
000140,Kyan Wolzak,Kyan,Wolzak,Kyan Wolzak,kyawolzak,kyawolzak@bedrijf.local,+31-699075464,Sales,Sales Vertegenwoordiger
000141,Quinten Goedhart,Quinten,Goedhart,Quinten Goedhart,quigoedhart,quigoedhart@bedrijf.local,+31-671000596,Sales,Sales Vertegenwoordiger
000142,Berend Ariens Ansems,Berend,Ariens Ansems,Berend Ariens Ansems,berariensansems,berariensansems@bedrijf.local,+31-614174306,Sales,Sales Vertegenwoordiger
000143,Maryam van Berkum,Maryam,van Berkum,Maryam van Berkum,marvanberkum,marvanberkum@bedrijf.local,+31-645731250,Sales,Business Ontwikkeling Specialist
000144,Naomi Fredriks,Naomi,Fredriks,Naomi Fredriks,naofredriks,naofredriks@bedrijf.local,+31-616580263,Sales,Account Manager
000145,Lieve van Beaumont,Lieve,van Beaumont,Lieve van Beaumont,lievanbeaumont,lievanbeaumont@bedrijf.local,+31-658489429,Sales,Sales Vertegenwoordiger
000146,Lucy van den Brand,Lucy,van den Brand,Lucy van den Brand,lucvandenbrand,lucvandenbrand@bedrijf.local,+31-673826966,Sales,Sales Manager
000147,Sem Becht,Sem,Becht,Sem Becht,sembecht,sembecht@bedrijf.local,+31-636448501,Sales,Account Manager
000148,Philip Wever,Philip,Wever,Philip Wever,phiwever,phiwever@bedrijf.local,+31-655792122,Sales,Account Manager
000149,Fleur Tirie,Fleur,Tirie,Fleur Tirie,fletirie,fletirie@bedrijf.local,+31-615205802,Sales,Business Ontwikkeling Specialist
000150,Dani Vermeulen,Dani,Vermeulen,Dani Vermeulen,danvermeulen,danvermeulen@bedrijf.local,+31-684504993,Sales,Business Ontwikkeling Specialist
000151,Timo Aschman,Timo,Aschman,Timo Aschman,timaschman,timaschman@bedrijf.local,+31-657491233,Sales,Sales Vertegenwoordiger
000152,Jayden Muijs,Jayden,Muijs,Jayden Muijs,jaymuijs,jaymuijs@bedrijf.local,+31-624178211,Sales,Sales Vertegenwoordiger
000153,Norah van Rijnsbergen,Norah,van Rijnsbergen,Norah van Rijnsbergen,norvanrijnsbergen,norvanrijnsbergen@bedrijf.local,+31-659079328,Sales,Business Ontwikkeling Specialist
000154,Eva Meyer,Eva,Meyer,Eva Meyer,evameyer,evameyer@bedrijf.local,+31-624264234,Sales,Business Ontwikkeling Specialist
000155,Tobias Claesdr,Tobias,Claesdr,Tobias Claesdr,tobclaesdr,tobclaesdr@bedrijf.local,+31-651180493,Sales,Sales Manager
000156,Twan Vos,Twan,Vos,Twan Vos,twavos,twavos@bedrijf.local,+31-656096262,Sales,Business Ontwikkeling Specialist
000157,Twan Claesdr,Twan,Claesdr,Twan Claesdr,twaclaesdr,twaclaesdr@bedrijf.local,+31-613398522,Sales,Account Manager
000158,Mirthe van Ommeren,Mirthe,van Ommeren,Mirthe van Ommeren,mirvanommeren,mirvanommeren@bedrijf.local,+31-662558888,Sales,Sales Vertegenwoordiger
000159,Isabelle Jacquot,Isabelle,Jacquot,Isabelle Jacquot,isajacquot,isajacquot@bedrijf.local,+31-685894137,Sales,Business Ontwikkeling Specialist
000160,Emily Dijkman,Emily,Dijkman,Emily Dijkman,emidijkman,emidijkman@bedrijf.local,+31-663126329,Sales,Business Ontwikkeling Specialist
000161,Jack Broeders,Jack,Broeders,Jack Broeders,jacbroeders,jacbroeders@bedrijf.local,+31-696142511,Sales,Account Manager
000162,Robin van Beek,Robin,van Beek,Robin van Beek,robvanbeek,robvanbeek@bedrijf.local,+31-642845189,Marketing,Content Creator
000163,Bas van Rijnsbergen,Bas,van Rijnsbergen,Bas van Rijnsbergen,basvanrijnsbergen,basvanrijnsbergen@bedrijf.local,+31-666572931,Marketing,Content Creator
000164,Milan Hakker,Milan,Hakker,Milan Hakker,milhakker,milhakker@bedrijf.local,+31-632271100,Marketing,Marketing Specialist
000165,Niels van Santen,Niels,van Santen,Niels van Santen,nievansanten,nievansanten@bedrijf.local,+31-680748767,Marketing,Marketing Specialist
000166,Milou van Laarhoven,Milou,van Laarhoven,Milou van Laarhoven,milvanlaarhoven,milvanlaarhoven@bedrijf.local,+31-681864265,Marketing,Digitale Marketing Specialist
000167,Femke Spanhaak,Femke,Spanhaak,Femke Spanhaak,femspanhaak,femspanhaak@bedrijf.local,+31-625034419,Marketing,Marketing Specialist
000168,Dave Arent,Dave,Arent,Dave Arent,davarent,davarent@bedrijf.local,+31-682262187,Marketing,Digitale Marketing Specialist
000169,Inaya Jochems,Inaya,Jochems,Inaya Jochems,inajochems,inajochems@bedrijf.local,+31-676569959,Marketing,Content Creator
000170,Michelle van Wijland,Michelle,van Wijland,Michelle van Wijland,micvanwijland,micvanwijland@bedrijf.local,+31-653352943,Marketing,Digitale Marketing Specialist
000171,Ashley Robbrechts Bruijne,Ashley,Robbrechts Bruijne,Ashley Robbrechts Bruijne,ashrobbrechtsbruijne,ashrobbrechtsbruijne@bedrijf.local,+31-648428996,Marketing,Marketing Manager
000172,Justin van Hostaden,Justin,van Hostaden,Justin van Hostaden,jusvanhostaden,jusvanhostaden@bedrijf.local,+31-640893890,Marketing,Content Creator
000173,Ali Sprong,Ali,Sprong,Ali Sprong,alisprong,alisprong@bedrijf.local,+31-624935998,Marketing,Marketing Specialist
000174,Lorenzo Wagenvoort,Lorenzo,Wagenvoort,Lorenzo Wagenvoort,lorwagenvoort,lorwagenvoort@bedrijf.local,+31-637019027,Marketing,Digitale Marketing Specialist
000175,Jorn van Engeland,Jorn,van Engeland,Jorn van Engeland,jorvanengeland,jorvanengeland@bedrijf.local,+31-646033291,Marketing,Marketing Specialist
000176,Nora Oosterhek,Nora,Oosterhek,Nora Oosterhek,noroosterhek,noroosterhek@bedrijf.local,+31-668736424,Marketing,Content Creator
000177,Lisa Hendriks,Lisa,Hendriks,Lisa Hendriks,lishendriks,lishendriks@bedrijf.local,+31-657295904,Marketing,Digitale Marketing Specialist
000178,Britt Cornelissen,Britt,Cornelissen,Britt Cornelissen,bricornelissen,bricornelissen@bedrijf.local,+31-698216007,Marketing,Marketing Specialist
000179,Mads van de Velden,Mads,van de Velden,Mads van de Velden,madvandevelden,madvandevelden@bedrijf.local,+31-638852260,Marketing,Digitale Marketing Specialist
000180,Timo Everde,Timo,Everde,Timo Everde,timeverde,timeverde@bedrijf.local,+31-674030449,Marketing,Digitale Marketing Specialist
000181,Michael Hendricks,Michael,Hendricks,Michael Hendricks,michendricks,michendricks@bedrijf.local,+31-616895132,Marketing,Marketing Manager
000182,Bjorn van Gemert,Bjorn,van Gemert,Bjorn van Gemert,bjovangemert,bjovangemert@bedrijf.local,+31-626425457,Marketing,Digitale Marketing Specialist
000183,Kyan van Duivenvoorde,Kyan,van Duivenvoorde,Kyan van Duivenvoorde,kyavanduivenvoorde,kyavanduivenvoorde@bedrijf.local,+31-689343190,Marketing,Content Creator
000184,Jinthe Bresse,Jinthe,Bresse,Jinthe Bresse,jinbresse,jinbresse@bedrijf.local,+31-664471048,Marketing,Digitale Marketing Specialist
000185,Lola Verda,Lola,Verda,Lola Verda,lolverda,lolverda@bedrijf.local,+31-655176593,Marketing,Marketing Specialist
000186,Mohammed Muller,Mohammed,Muller,Mohammed Muller,mohmuller,mohmuller@bedrijf.local,+31-669951802,Marketing,Digitale Marketing Specialist
000187,Jules Verhoeven,Jules,Verhoeven,Jules Verhoeven,julverhoeven,julverhoeven@bedrijf.local,+31-637130093,Marketing,Content Creator
000188,Stef Rijks,Stef,Rijks,Stef Rijks,sterijks,sterijks@bedrijf.local,+31-677764234,Marketing,Marketing Specialist
000189,Juul Gerritsen,Juul,Gerritsen,Juul Gerritsen,juugerritsen,juugerritsen@bedrijf.local,+31-678251802,Marketing,Content Creator
000190,Jake van Noordeloos,Jake,van Noordeloos,Jake van Noordeloos,jakvannoordeloos,jakvannoordeloos@bedrijf.local,+31-661852353,Marketing,Content Creator
000191,Matthias de Haas,Matthias,de Haas,Matthias de Haas,matdehaas,matdehaas@bedrijf.local,+31-698240426,Marketing,Marketing Specialist
000192,Nienke Strijker,Nienke,Strijker,Nienke Strijker,niestrijker,niestrijker@bedrijf.local,+31-664150410,Marketing,Marketing Specialist
000193,Niek Heere,Niek,Heere,Niek Heere,nieheere,nieheere@bedrijf.local,+31-681832604,Marketing,Digitale Marketing Specialist
000194,Sil le Matelot,Sil,le Matelot,Sil le Matelot,sillematelot,sillematelot@bedrijf.local,+31-676672384,Marketing,Marketing Specialist
000195,Laurens Rijn,Laurens,Rijn,Laurens Rijn,laurijn,laurijn@bedrijf.local,+31-671127829,Marketing,Marketing Specialist
000196,Milou de Kale,Milou,de Kale,Milou de Kale,mildekale,mildekale@bedrijf.local,+31-698637331,Marketing,Marketing Specialist
000197,Ise Dubois,Ise,Dubois,Ise Dubois,isedubois,isedubois@bedrijf.local,+31-617874829,Marketing,Content Creator
000198,Fenne Kirpenstein,Fenne,Kirpenstein,Fenne Kirpenstein,fenkirpenstein,fenkirpenstein@bedrijf.local,+31-631279508,Marketing,Marketing Manager
000199,Luuk van Ghoerle,Luuk,van Ghoerle,Luuk van Ghoerle,luuvanghoerle,luuvanghoerle@bedrijf.local,+31-651785479,Marketing,Marketing Specialist
000200,Daphne Osterhoudt,Daphne,Osterhoudt,Daphne Osterhoudt,daposterhoudt,daposterhoudt@bedrijf.local,+31-652156366,Marketing,Marketing Specialist
000201,Stella Groenestein,Stella,Groenestein,Stella Groenestein,stegroenestein,stegroenestein@bedrijf.local,+31-621266212,Marketing,Marketing Manager
000202,Lenn Smit,Lenn,Smit,Lenn Smit,lensmit,lensmit@bedrijf.local,+31-643836602,Marketing,Digitale Marketing Specialist
000203,Mehmet Marchand,Mehmet,Marchand,Mehmet Marchand,mehmarchand,mehmarchand@bedrijf.local,+31-655591386,Marketing,Marketing Specialist
000204,Chloë Mijsberg,Chloë,Mijsberg,Chloë Mijsberg,chlmijsberg,chlmijsberg@bedrijf.local,+31-678147664,Marketing,Content Creator
000205,Duuk van Gorp,Duuk,van Gorp,Duuk van Gorp,duuvangorp,duuvangorp@bedrijf.local,+31-618952178,Marketing,Digitale Marketing Specialist
000206,Suze Brumleve,Suze,Brumleve,Suze Brumleve,suzbrumleve,suzbrumleve@bedrijf.local,+31-636953504,Marketing,Digitale Marketing Specialist
000207,Ise Adelaar,Ise,Adelaar,Ise Adelaar,iseadelaar,iseadelaar@bedrijf.local,+31-665435872,Marketing,Digitale Marketing Specialist
000208,Dave Elsenaar,Dave,Elsenaar,Dave Elsenaar,davelsenaar,davelsenaar@bedrijf.local,+31-671967457,Marketing,Content Creator
000209,Ben Sanders,Ben,Sanders,Ben Sanders,bensanders,bensanders@bedrijf.local,+31-652106023,Marketing,Content Creator
000210,Samuel van Embden,Samuel,van Embden,Samuel van Embden,samvanembden,samvanembden@bedrijf.local,+31-661031801,Marketing,Digitale Marketing Specialist
000211,Jinthe Rouwhorst,Jinthe,Rouwhorst,Jinthe Rouwhorst,jinrouwhorst,jinrouwhorst@bedrijf.local,+31-633125849,Marketing,Marketing Manager
000212,Jay Labado,Jay,Labado,Jay Labado,jaylabado,jaylabado@bedrijf.local,+31-635476111,Marketing,Digitale Marketing Specialist
000213,Ties Soos,Ties,Soos,Ties Soos,tiesoos,tiesoos@bedrijf.local,+31-627748085,Marketing,Marketing Specialist
000214,Seth de Bruyn,Seth,de Bruyn,Seth de Bruyn,setdebruyn,setdebruyn@bedrijf.local,+31-657147240,Marketing,Marketing Specialist
000215,Lorenzo van den Bergh,Lorenzo,van den Bergh,Lorenzo van den Bergh,lorvandenbergh,lorvandenbergh@bedrijf.local,+31-616345788,Marketing,Marketing Manager
000216,Elin van der Heiden,Elin,van der Heiden,Elin van der Heiden,elivanderheiden,elivanderheiden@bedrijf.local,+31-662009654,Marketing,Marketing Manager
000217,Koen Verhaar,Koen,Verhaar,Koen Verhaar,koeverhaar,koeverhaar@bedrijf.local,+31-623847918,Marketing,Marketing Manager
000218,Eline Jonker,Eline,Jonker,Eline Jonker,elijonker,elijonker@bedrijf.local,+31-656060268,Marketing,Content Creator
000219,Ise Duivenvoorden,Ise,Duivenvoorden,Ise Duivenvoorden,iseduivenvoorden,iseduivenvoorden@bedrijf.local,+31-631595559,Marketing,Marketing Specialist
000220,Liz Corstiaens,Liz,Corstiaens,Liz Corstiaens,lizcorstiaens,lizcorstiaens@bedrijf.local,+31-687315869,Marketing,Marketing Manager
000221,Bjorn van Munster,Bjorn,van Munster,Bjorn van Munster,bjovanmunster,bjovanmunster@bedrijf.local,+31-644230179,Marketing,Marketing Specialist
000222,Eline Terry,Eline,Terry,Eline Terry,eliterry,eliterry@bedrijf.local,+31-644311628,Marketing,Digitale Marketing Specialist
000223,Lauren van Opper-Lotharingen,Lauren,van Opper-Lotharingen,Lauren van Opper-Lotharingen,lauvanopper-lotharingen,lauvanopper-lotharingen@bedrijf.local,+31-677591983,Marketing,Marketing Specialist
000224,Ninthe van der Linden,Ninthe,van der Linden,Ninthe van der Linden,ninvanderlinden,ninvanderlinden@bedrijf.local,+31-651665777,Marketing,Marketing Specialist
000225,Bastiaan Stichter,Bastiaan,Stichter,Bastiaan Stichter,basstichter,basstichter@bedrijf.local,+31-627179781,Marketing,Content Creator
000226,Lieve de Roos,Lieve,de Roos,Lieve de Roos,liederoos,liederoos@bedrijf.local,+31-621473452,Marketing,Marketing Specialist
000227,Stefan Boers,Stefan,Boers,Stefan Boers,steboers,steboers@bedrijf.local,+31-643480695,Marketing,Marketing Manager
000228,Sander Zaal,Sander,Zaal,Sander Zaal,sanzaal,sanzaal@bedrijf.local,+31-629033845,Marketing,Digitale Marketing Specialist
000229,Nadia van der Stael,Nadia,van der Stael,Nadia van der Stael,nadvanderstael,nadvanderstael@bedrijf.local,+31-674598039,Marketing,Content Creator
000230,Lina van Engelen,Lina,van Engelen,Lina van Engelen,linvanengelen,linvanengelen@bedrijf.local,+31-649244159,Marketing,Content Creator
000231,Fleur van Dijk,Fleur,van Dijk,Fleur van Dijk,flevandijk,flevandijk@bedrijf.local,+31-620134605,Marketing,Marketing Manager
000232,Liam Adriaense,Liam,Adriaense,Liam Adriaense,liaadriaense,liaadriaense@bedrijf.local,+31-645880807,Marketing,Digitale Marketing Specialist
000233,Elizabeth Lijn,Elizabeth,Lijn,Elizabeth Lijn,elilijn,elilijn@bedrijf.local,+31-613426789,Marketing,Content Creator
000234,Eliza Bud,Eliza,Bud,Eliza Bud,elibud,elibud@bedrijf.local,+31-643224514,Marketing,Digitale Marketing Specialist
000235,Stefan Kleybrink,Stefan,Kleybrink,Stefan Kleybrink,stekleybrink,stekleybrink@bedrijf.local,+31-673313704,Marketing,Digitale Marketing Specialist
000236,Esther le Gulcher,Esther,le Gulcher,Esther le Gulcher,estlegulcher,estlegulcher@bedrijf.local,+31-678885309,Marketing,Marketing Specialist
000237,Fabian de Strigter,Fabian,de Strigter,Fabian de Strigter,fabdestrigter,fabdestrigter@bedrijf.local,+31-671734342,Marketing,Digitale Marketing Specialist
000238,Merijn Sprong,Merijn,Sprong,Merijn Sprong,mersprong,mersprong@bedrijf.local,+31-616124085,Marketing,Marketing Manager
000239,Arthur Wilcken,Arthur,Wilcken,Arthur Wilcken,artwilcken,artwilcken@bedrijf.local,+31-663142919,Marketing,Content Creator
000240,Thijn Elsenaar,Thijn,Elsenaar,Thijn Elsenaar,thielsenaar,thielsenaar@bedrijf.local,+31-677502548,Marketing,Marketing Manager
000241,Joël Rutten,Joël,Rutten,Joël Rutten,joërutten,joërutten@bedrijf.local,+31-639685005,Marketing,Content Creator
000242,Tirza Scheffers,Tirza,Scheffers,Tirza Scheffers,tirscheffers,tirscheffers@bedrijf.local,+31-623851976,Marketing,Marketing Manager
000243,Juliette Rijcken,Juliette,Rijcken,Juliette Rijcken,julrijcken,julrijcken@bedrijf.local,+31-643093065,Marketing,Marketing Specialist
000244,Dean van Ghoerle,Dean,van Ghoerle,Dean van Ghoerle,deavanghoerle,deavanghoerle@bedrijf.local,+31-612629467,Marketing,Marketing Manager
000245,Luuk van Drenthe,Luuk,van Drenthe,Luuk van Drenthe,luuvandrenthe,luuvandrenthe@bedrijf.local,+31-694016939,Marketing,Marketing Manager
000246,Colin Woudenberg,Colin,Woudenberg,Colin Woudenberg,colwoudenberg,colwoudenberg@bedrijf.local,+31-623576154,Marketing,Digitale Marketing Specialist
000247,Pleun van Luxemburg,Pleun,van Luxemburg,Pleun van Luxemburg,plevanluxemburg,plevanluxemburg@bedrijf.local,+31-639453963,Management,Teamleider
000248,Giel Werdes,Giel,Werdes,Giel Werdes,giewerdes,giewerdes@bedrijf.local,+31-690183625,Management,Teamleider
000249,Iris Stange,Iris,Stange,Iris Stange,iristange,iristange@bedrijf.local,+31-640913982,Management,Project Manager
000250,Mette Koster,Mette,Koster,Mette Koster,metkoster,metkoster@bedrijf.local,+31-637501794,Management,Afdelings Manager
000251,Jelle van Berkum,Jelle,van Berkum,Jelle van Berkum,jelvanberkum,jelvanberkum@bedrijf.local,+31-621711068,Management,CEO
000252,Ayoub Brandon,Ayoub,Brandon,Ayoub Brandon,ayobrandon,ayobrandon@bedrijf.local,+31-673984368,Management,Project Manager
000253,Fenna Remmers,Fenna,Remmers,Fenna Remmers,fenremmers,fenremmers@bedrijf.local,+31-614437425,Management,Project Manager
000254,Oscar Sitters,Oscar,Sitters,Oscar Sitters,oscsitters,oscsitters@bedrijf.local,+31-679322208,Management,Project Manager
000255,Lynn van Limburg,Lynn,van Limburg,Lynn van Limburg,lynvanlimburg,lynvanlimburg@bedrijf.local,+31-684315414,Management,CEO
000256,Lauren Kloppert,Lauren,Kloppert,Lauren Kloppert,laukloppert,laukloppert@bedrijf.local,+31-678064327,Management,Project Manager
000257,David Dekker,David,Dekker,David Dekker,davdekker,davdekker@bedrijf.local,+31-675380890,Management,Project Manager
000258,Ella Coret,Ella,Coret,Ella Coret,ellcoret,ellcoret@bedrijf.local,+31-636092592,Management,CEO
000259,Ivy Oude Heer,Ivy,Oude Heer,Ivy Oude Heer,ivyoudeheer,ivyoudeheer@bedrijf.local,+31-625714015,Management,Project Manager
000260,Hanna Schakelaar,Hanna,Schakelaar,Hanna Schakelaar,hanschakelaar,hanschakelaar@bedrijf.local,+31-672200643,Management,CEO
000261,Sten van Duvenvoirde,Sten,van Duvenvoirde,Sten van Duvenvoirde,stevanduvenvoirde,stevanduvenvoirde@bedrijf.local,+31-691111264,Management,Afdelings Manager
000262,Mustafa Kruns,Mustafa,Kruns,Mustafa Kruns,muskruns,muskruns@bedrijf.local,+31-613524930,Management,CEO
000263,Tim Geerling,Tim,Geerling,Tim Geerling,timgeerling,timgeerling@bedrijf.local,+31-692688376,Management,CEO
000264,Renske van Northeim,Renske,van Northeim,Renske van Northeim,renvannortheim,renvannortheim@bedrijf.local,+31-634360823,Management,Teamleider
000265,Kiki Uphaus,Kiki,Uphaus,Kiki Uphaus,kikuphaus,kikuphaus@bedrijf.local,+31-685231978,Management,CEO
000266,Ize van der Ploeg,Ize,van der Ploeg,Ize van der Ploeg,izevanderploeg,izevanderploeg@bedrijf.local,+31-694354210,Management,Teamleider
000267,Kyara van der Veiver,Kyara,van der Veiver,Kyara van der Veiver,kyavanderveiver,kyavanderveiver@bedrijf.local,+31-681417085,Management,Project Manager
000268,Nisa van Brenen,Nisa,van Brenen,Nisa van Brenen,nisvanbrenen,nisvanbrenen@bedrijf.local,+31-669249885,Management,CEO
000269,Aya de Gruson,Aya,de Gruson,Aya de Gruson,ayadegruson,ayadegruson@bedrijf.local,+31-695273106,Management,CEO
000270,Joep van der Steen,Joep,van der Steen,Joep van der Steen,joevandersteen,joevandersteen@bedrijf.local,+31-690151144,Management,CEO
000271,Nick van de Weterink,Nick,van de Weterink,Nick van de Weterink,nicvandeweterink,nicvandeweterink@bedrijf.local,+31-622620093,Operaties,Proces coordinator
000272,Lana Rousselet,Lana,Rousselet,Lana Rousselet,lanrousselet,lanrousselet@bedrijf.local,+31-651440400,Operaties,Proces coordinator
000273,Cornelis Weijland,Cornelis,Weijland,Cornelis Weijland,corweijland,corweijland@bedrijf.local,+31-661195741,Operaties,Proces coordinator
000274,Stella Rehorst,Stella,Rehorst,Stella Rehorst,sterehorst,sterehorst@bedrijf.local,+31-679420307,Operaties,Proces coordinator
000275,Maria van Beeck,Maria,van Beeck,Maria van Beeck,marvanbeeck,marvanbeeck@bedrijf.local,+31-671384632,Operaties,Operaties Manager
000276,Nora van de Velden,Nora,van de Velden,Nora van de Velden,norvandevelden,norvandevelden@bedrijf.local,+31-613810962,Operaties,Operaties Specialist
000277,Iris Huisman,Iris,Huisman,Iris Huisman,irihuisman,irihuisman@bedrijf.local,+31-643675105,Operaties,Operaties Specialist
000278,Julian Goedhart,Julian,Goedhart,Julian Goedhart,julgoedhart,julgoedhart@bedrijf.local,+31-659459552,Operaties,Operaties Specialist
000279,Dylan Hulskes,Dylan,Hulskes,Dylan Hulskes,dylhulskes,dylhulskes@bedrijf.local,+31-616816679,Operaties,Proces coordinator
000280,Jet Huisman,Jet,Huisman,Jet Huisman,jethuisman,jethuisman@bedrijf.local,+31-616490731,Operaties,Operaties Specialist
000281,Jesse van der Noot,Jesse,van der Noot,Jesse van der Noot,jesvandernoot,jesvandernoot@bedrijf.local,+31-643849936,Operaties,Proces coordinator
000282,Yasmine van der Stael,Yasmine,van der Stael,Yasmine van der Stael,yasvanderstael,yasvanderstael@bedrijf.local,+31-666319775,Operaties,Operaties Specialist
000283,Jorn Nedermeijer,Jorn,Nedermeijer,Jorn Nedermeijer,jornedermeijer,jornedermeijer@bedrijf.local,+31-622119817,Operaties,Operaties Manager
000284,Daniel de Groot,Daniel,de Groot,Daniel de Groot,dandegroot,dandegroot@bedrijf.local,+31-624569959,Operaties,Proces coordinator
000285,Matthijs Scharroo,Matthijs,Scharroo,Matthijs Scharroo,matscharroo,matscharroo@bedrijf.local,+31-667518801,Operaties,Operaties Manager
000286,Anna Knuf,Anna,Knuf,Anna Knuf,annknuf,annknuf@bedrijf.local,+31-649724022,Operaties,Proces coordinator
000287,Nadine Spiker,Nadine,Spiker,Nadine Spiker,nadspiker,nadspiker@bedrijf.local,+31-696213054,Operaties,Operaties Manager
000288,Luka Takkelenburg,Luka,Takkelenburg,Luka Takkelenburg,luktakkelenburg,luktakkelenburg@bedrijf.local,+31-671182880,Operaties,Proces coordinator
000289,Jonathan Verhoeven,Jonathan,Verhoeven,Jonathan Verhoeven,jonverhoeven,jonverhoeven@bedrijf.local,+31-655725971,Operaties,Operaties Manager
000290,Joy Dachgelder,Joy,Dachgelder,Joy Dachgelder,joydachgelder,joydachgelder@bedrijf.local,+31-683500386,Operaties,Operaties Manager
000291,Jay Werdes,Jay,Werdes,Jay Werdes,jaywerdes,jaywerdes@bedrijf.local,+31-685328101,Operaties,Proces coordinator
000292,Guus van den Eerenbeemt,Guus,van den Eerenbeemt,Guus van den Eerenbeemt,guuvandeneerenbeemt,guuvandeneerenbeemt@bedrijf.local,+31-651106673,Operaties,Proces coordinator
000293,Ize van der Kaay,Ize,van der Kaay,Ize van der Kaay,izevanderkaay,izevanderkaay@bedrijf.local,+31-680342501,Operaties,Operaties Specialist
000294,Philip Wolzak,Philip,Wolzak,Philip Wolzak,phiwolzak,phiwolzak@bedrijf.local,+31-610423872,Operaties,Proces coordinator
000295,Melle Prinsen,Melle,Prinsen,Melle Prinsen,melprinsen,melprinsen@bedrijf.local,+31-620593115,Operaties,Proces coordinator
000296,Elisabeth Berendse,Elisabeth,Berendse,Elisabeth Berendse,eliberendse,eliberendse@bedrijf.local,+31-699658826,Operaties,Proces coordinator
000297,Noor Veenstra,Noor,Veenstra,Noor Veenstra,nooveenstra,nooveenstra@bedrijf.local,+31-630732294,Operaties,Operaties Specialist
000298,Meike Marchal,Meike,Marchal,Meike Marchal,meimarchal,meimarchal@bedrijf.local,+31-686731361,Operaties,Operaties Specialist
000299,Tom de Grote,Tom,de Grote,Tom de Grote,tomdegrote,tomdegrote@bedrijf.local,+31-638509410,Operaties,Operaties Manager
000300,Maartje Claassen,Maartje,Claassen,Maartje Claassen,maaclaassen,maaclaassen@bedrijf.local,+31-655776549,Operaties,Proces coordinator
000301,Emir Mangel,Emir,Mangel,Emir Mangel,emimangel,emimangel@bedrijf.local,+31-696919710,Operaties,Proces coordinator
000302,Lisanne Peterse,Lisanne,Peterse,Lisanne Peterse,lispeterse,lispeterse@bedrijf.local,+31-683837424,Operaties,Operaties Manager
000303,Catharina Chevresson,Catharina,Chevresson,Catharina Chevresson,catchevresson,catchevresson@bedrijf.local,+31-689899268,Operaties,Proces coordinator
000304,Fabiënne Sam,Fabiënne,Sam,Fabiënne Sam,fabsam,fabsam@bedrijf.local,+31-635252831,Operaties,Operaties Specialist
000305,Luc Pieters,Luc,Pieters,Luc Pieters,lucpieters,lucpieters@bedrijf.local,+31-614969417,Operaties,Proces coordinator
000306,Daniël Dennenberg,Daniël,Dennenberg,Daniël Dennenberg,dandennenberg,dandennenberg@bedrijf.local,+31-676519790,Operaties,Proces coordinator
000307,Femke Geertsen,Femke,Geertsen,Femke Geertsen,femgeertsen,femgeertsen@bedrijf.local,+31-691869997,Operaties,Operaties Specialist
000308,Esila Lankle,Esila,Lankle,Esila Lankle,esilankle,esilankle@bedrijf.local,+31-697556542,Operaties,Operaties Specialist
000309,Evi Roessink,Evi,Roessink,Evi Roessink,eviroessink,eviroessink@bedrijf.local,+31-642887742,Operaties,Operaties Specialist
000310,Amin Velderman,Amin,Velderman,Amin Velderman,amivelderman,amivelderman@bedrijf.local,+31-688511085,Operaties,Operaties Specialist
000311,Arie Rousselet,Arie,Rousselet,Arie Rousselet,arirousselet,arirousselet@bedrijf.local,+31-659287621,Operaties,Operaties Manager
000312,Lorenzo Dachgelt,Lorenzo,Dachgelt,Lorenzo Dachgelt,lordachgelt,lordachgelt@bedrijf.local,+31-663000662,Operaties,Operaties Manager
000313,Boris Françoise,Boris,Françoise,Boris Françoise,borfrançoise,borfrançoise@bedrijf.local,+31-638864966,Operaties,Proces coordinator
000314,Rens van 't Houteveen,Rens,van 't Houteveen,Rens van 't Houteveen,renvan'thouteveen,renvan'thouteveen@bedrijf.local,+31-677550542,Operaties,Operaties Manager
000315,Elise Hekker,Elise,Hekker,Elise Hekker,elihekker,elihekker@bedrijf.local,+31-640659273,Operaties,Operaties Specialist
000316,Ties de Grunt,Ties,de Grunt,Ties de Grunt,tiedegrunt,tiedegrunt@bedrijf.local,+31-623944240,Operaties,Operaties Specialist
000317,Kayleigh van Arkel,Kayleigh,van Arkel,Kayleigh van Arkel,kayvanarkel,kayvanarkel@bedrijf.local,+31-615431459,Operaties,Proces coordinator
000318,Aya van Luinenburg,Aya,van Luinenburg,Aya van Luinenburg,ayavanluinenburg,ayavanluinenburg@bedrijf.local,+31-697836027,Operaties,Operaties Manager
000319,Romy Lemmens,Romy,Lemmens,Romy Lemmens,romlemmens,romlemmens@bedrijf.local,+31-673768934,Operaties,Operaties Manager
000320,Sara Aarts,Sara,Aarts,Sara Aarts,saraarts,saraarts@bedrijf.local,+31-699362181,Operaties,Operaties Specialist
000321,Mare Pasman,Mare,Pasman,Mare Pasman,marpasman,marpasman@bedrijf.local,+31-620713579,Operaties,Proces coordinator
000322,Stan van Spreuwel,Stan,van Spreuwel,Stan van Spreuwel,stavanspreuwel,stavanspreuwel@bedrijf.local,+31-664258479,Operaties,Operaties Manager
000323,Elena Rijn,Elena,Rijn,Elena Rijn,elerijn,elerijn@bedrijf.local,+31-624763154,Operaties,Proces coordinator
000324,Aron Ansems,Aron,Ansems,Aron Ansems,aroansems,aroansems@bedrijf.local,+31-633163442,Operaties,Proces coordinator
000325,Luca van Ghoerle,Luca,van Ghoerle,Luca van Ghoerle,lucvanghoerle,lucvanghoerle@bedrijf.local,+31-690911649,Operaties,Operaties Manager
000326,Jasper Furda,Jasper,Furda,Jasper Furda,jasfurda,jasfurda@bedrijf.local,+31-622121078,Operaties,Proces coordinator
000327,Jente Appelman,Jente,Appelman,Jente Appelman,jenappelman,jenappelman@bedrijf.local,+31-698164343,Operaties,Operaties Specialist
000328,Loes le Gallen,Loes,le Gallen,Loes le Gallen,loelegallen,loelegallen@bedrijf.local,+31-620396730,Operaties,Operaties Specialist
000329,Fiene Joosten,Fiene,Joosten,Fiene Joosten,fiejoosten,fiejoosten@bedrijf.local,+31-632510337,Operaties,Operaties Specialist
000330,Bo Adriaense,Bo,Adriaense,Bo Adriaense,boadriaense,bo adriaense@bedrijf.local,+31-615637574,Operaties,Proces coordinator
000331,Mila Stinis,Mila,Stinis,Mila Stinis,milstinis,milstinis@bedrijf.local,+31-688591764,Operaties,Operaties Manager
000332,Nova van Kuijc van Malsen,Nova,van Kuijc van Malsen,Nova van Kuijc van Malsen,novvankuijcvanmalsen,novvankuijcvanmalsen@bedrijf.local,+31-680938415,Operaties,Operaties Specialist
000333,Lorenzo Willemsen,Lorenzo,Willemsen,Lorenzo Willemsen,lorwillemsen,lorwillemsen@bedrijf.local,+31-643380235,Operaties,Proces coordinator
000334,Yfke van Ooste,Yfke,van Ooste,Yfke van Ooste,yfkvanooste,yfkvanooste@bedrijf.local,+31-618455100,Operaties,Operaties Manager
000335,Hailey Koret,Hailey,Koret,Hailey Koret,haikoret,haikoret@bedrijf.local,+31-618688245,Operaties,Operaties Manager
000336,Niek van der Veen,Niek,van der Veen,Niek van der Veen,nievanderveen,nievanderveen@bedrijf.local,+31-698346294,Operaties,Operaties Specialist
000337,Zakaria van Spreuwel,Zakaria,van Spreuwel,Zakaria van Spreuwel,zakvanspreuwel,zakvanspreuwel@bedrijf.local,+31-636427180,Operaties,Operaties Manager
000338,Annabel de Roos,Annabel,de Roos,Annabel de Roos,annderoos,annderoos@bedrijf.local,+31-672613552,Operaties,Proces coordinator
000339,Lara Bos,Lara,Bos,Lara Bos,larbos,larbos@bedrijf.local,+31-656736914,Operaties,Operaties Specialist
000340,Noortje Ramaker,Noortje,Ramaker,Noortje Ramaker,nooramaker,nooramaker@bedrijf.local,+31-655135432,Operaties,Operaties Manager
000341,Joey Meeres,Joey,Meeres,Joey Meeres,joemeeres,joemeeres@bedrijf.local,+31-685616772,Operaties,Proces coordinator
000342,Nadine Lambregt,Nadine,Lambregt,Nadine Lambregt,nadlambregt,nadlambregt@bedrijf.local,+31-695868108,Operaties,Operaties Manager
000343,Luc Elbertse,Luc,Elbertse,Luc Elbertse,lucelbertse,lucelbertse@bedrijf.local,+31-677401323,Operaties,Operaties Manager
000344,Phileine Carnotte,Phileine,Carnotte,Phileine Carnotte,phicarnotte,phicarnotte@bedrijf.local,+31-680478701,Operaties,Operaties Manager
000345,Imke de Koning,Imke,de Koning,Imke de Koning,imkdekoning,imkdekoning@bedrijf.local,+31-612438859,Operaties,Operaties Manager
000346,Mette Schrik,Mette,Schrik,Mette Schrik,metschrik,metschrik@bedrijf.local,+31-630799915,Operaties,Proces coordinator
000347,Stefan Bosch,Stefan,Bosch,Stefan Bosch,stebosch,stebosch@bedrijf.local,+31-676573823,Operaties,Operaties Manager
000348,Tirza van het Heerenveen,Tirza,van het Heerenveen,Tirza van het Heerenveen,tirvanhetheerenveen,tirvanhetheerenveen@bedrijf.local,+31-633313625,Operaties,Operaties Specialist
000349,Evy Coreth von und zu Coredo und Starkenberg,Evy,Coreth von und zu Coredo und Starkenberg,Evy Coreth von und zu Coredo und Starkenberg,evycorethvonundzucoredoundstarkenberg,evycorethvonundzucoredoundstarkenberg@bedrijf.local,+31-633203026,Operaties,Proces coordinator
000350,Lisa Appelman,Lisa,Appelman,Lisa Appelman,lisappelman,lisappelman@bedrijf.local,+31-622642701,Operaties,Proces coordinator
000351,Iris Ouwerkerk,Iris,Ouwerkerk,Iris Ouwerkerk,iriouwerkerk,iriouwerkerk@bedrijf.local,+31-656334702,Operaties,Operaties Specialist
000352,Youssef Charon,Youssef,Charon,Youssef Charon,youcharon,youcharon@bedrijf.local,+31-679168568,Operaties,Operaties Manager
000353,Bas van der Maath,Bas,van der Maath,Bas van der Maath,basvandermaath,basvandermaath@bedrijf.local,+31-653941613,Operaties,Operaties Specialist
000354,Lucas Boetet,Lucas,Boetet,Lucas Boetet,lucboetet,lucboetet@bedrijf.local,+31-664716008,Operaties,Operaties Manager
000355,Dex Vierdag,Dex,Vierdag,Dex Vierdag,dexvierdag,dexvierdag@bedrijf.local,+31-699024305,Operaties,Operaties Specialist
000356,Mette van Rheineck,Mette,van Rheineck,Mette van Rheineck,metvanrheineck,metvanrheineck@bedrijf.local,+31-668284637,Operaties,Operaties Manager
000357,Kyano Beourgeois,Kyano,Beourgeois,Kyano Beourgeois,kyabeourgeois,kyabeourgeois@bedrijf.local,+31-680172264,Operaties,Operaties Manager
000358,Mare van Bruchem,Mare,van Bruchem,Mare van Bruchem,marvanbruchem,marvanbruchem@bedrijf.local,+31-678335347,Operaties,Operaties Specialist
000359,Fabiënne Feltzer,Fabiënne,Feltzer,Fabiënne Feltzer,fabfeltzer,fabfeltzer@bedrijf.local,+31-681588823,Operaties,Operaties Specialist
000360,Puk Wright,Puk,Wright,Puk Wright,pukwright,pukwright@bedrijf.local,+31-661888139,Operaties,Proces coordinator
000361,Kayleigh van der Wal,Kayleigh,van der Wal,Kayleigh van der Wal,kayvanderwal,kayvanderwal@bedrijf.local,+31-624749552,Operaties,Operaties Specialist
000362,Sienna Aertsz,Sienna,Aertsz,Sienna Aertsz,sieaertsz,sieaertsz@bedrijf.local,+31-632059785,Operaties,Operaties Manager
000363,Stella van der Meulen,Stella,van der Meulen,Stella van der Meulen,stevandermeulen,stevandermeulen@bedrijf.local,+31-624269094,Operaties,Proces coordinator
000364,Vera le Luc,Vera,le Luc,Vera le Luc,verleluc,verleluc@bedrijf.local,+31-628738233,Operaties,Operaties Manager
000365,Lizz Luitgardis van Neustrië,Lizz,Luitgardis van Neustrië,Lizz Luitgardis van Neustrië,lizluitgardisvanneustrië,lizluitgardisvanneustrië@bedrijf.local,+31-612950079,Operaties,Operaties Specialist
000366,Koen de Bruin,Koen,de Bruin,Koen de Bruin,koedebruin,koedebruin@bedrijf.local,+31-633844329,Operaties,Proces coordinator
000367,Aiden de Bruin,Aiden,de Bruin,Aiden de Bruin,aiddebruin,aiddebruin@bedrijf.local,+31-626898861,Operaties,Proces coordinator
000368,Michael van het Heerenveen,Michael,van het Heerenveen,Michael van het Heerenveen,micvanhetheerenveen,micvanhetheerenveen@bedrijf.local,+31-672422247,Operaties,Operaties Manager
000369,Isabel Kwaadland,Isabel,Kwaadland,Isabel Kwaadland,isakwaadland,isakwaadland@bedrijf.local,+31-647421705,Operaties,Operaties Specialist
000370,Maya Giselmeyer,Maya,Giselmeyer,Maya Giselmeyer,maygiselmeyer,maygiselmeyer@bedrijf.local,+31-611777606,Operaties,Operaties Specialist
000371,Jamie Pratt,Jamie,Pratt,Jamie Pratt,jampratt,jampratt@bedrijf.local,+31-645342445,Operaties,Operaties Manager
000372,Esmee van Soest,Esmee,van Soest,Esmee van Soest,esmvansoest,esmvansoest@bedrijf.local,+31-696199698,Operaties,Operaties Manager
000373,Jay van Alenburg,Jay,van Alenburg,Jay van Alenburg,jayvanalenburg,jayvanalenburg@bedrijf.local,+31-640167628,Operaties,Operaties Specialist
000374,Selena van Susa,Selena,van Susa,Selena van Susa,selvansusa,selvansusa@bedrijf.local,+31-681986288,Operaties,Operaties Manager
000375,Catharina Room,Catharina,Room,Catharina Room,catroom,catroom@bedrijf.local,+31-697282607,Operaties,Operaties Specialist
000376,Luc Thatcher,Luc,Thatcher,Luc Thatcher,lucthatcher,lucthatcher@bedrijf.local,+31-670459865,Operaties,Operaties Specialist
000377,Aaliyah van Vermandois,Aaliyah,van Vermandois,Aaliyah van Vermandois,aalvanvermandois,aalvanvermandois@bedrijf.local,+31-693168012,Operaties,Proces coordinator
000378,Lenn Luster,Lenn,Luster,Lenn Luster,lenluster,lenluster@bedrijf.local,+31-620824406,Operaties,Operaties Specialist
000379,Alexander van Verdun,Alexander,van Verdun,Alexander van Verdun,alevanverdun,alevanverdun@bedrijf.local,+31-654502457,Operaties,Operaties Specialist
000380,Jonathan Huel,Jonathan,Huel,Jonathan Huel,jonhuel,jonhuel@bedrijf.local,+31-666233439,Operaties,Operaties Manager
000381,Sylvie van Clootwijck,Sylvie,van Clootwijck,Sylvie van Clootwijck,sylvanclootwijck,sylvanclootwijck@bedrijf.local,+31-615373889,Operaties,Operaties Manager
000382,Sylvie Moensendijk,Sylvie,Moensendijk,Sylvie Moensendijk,sylmoensendijk,sylmoensendijk@bedrijf.local,+31-635422582,Operaties,Operaties Specialist
000383,Mohamed van der Hoeven,Mohamed,van der Hoeven,Mohamed van der Hoeven,mohvanderhoeven,mohvanderhoeven@bedrijf.local,+31-645858098,Operaties,Operaties Specialist
000384,Florian van Saksen,Florian,van Saksen,Florian van Saksen,flovansaksen,flovansaksen@bedrijf.local,+31-661284251,Operaties,Operaties Manager
000385,Elena van Bovene,Elena,van Bovene,Elena van Bovene,elevanbovene,elevanbovene@bedrijf.local,+31-686548366,Operaties,Operaties Manager
000386,Megan de Pauw,Megan,de Pauw,Megan de Pauw,megdepauw,megdepauw@bedrijf.local,+31-630810195,Operaties,Operaties Specialist
000387,Michelle Weijters,Michelle,Weijters,Michelle Weijters,micweijters,micweijters@bedrijf.local,+31-678335344,Operaties,Proces coordinator
000388,Julian Uit de Willigen,Julian,Uit de Willigen,Julian Uit de Willigen,juluitdewilligen,juluitdewilligen@bedrijf.local,+31-667788998,Operaties,Operaties Manager
000389,Norah van Hemert,Norah,van Hemert,Norah van Hemert,norvanhemert,norvanhemert@bedrijf.local,+31-663234667,Operaties,Operaties Manager
000390,Kiki van Arnsberg,Kiki,van Arnsberg,Kiki van Arnsberg,kikvanarnsberg,kikvanarnsberg@bedrijf.local,+31-659072499,Operaties,Operaties Specialist
000391,Nora van Tuijl,Nora,van Tuijl,Nora van Tuijl,norvantuijl,norvantuijl@bedrijf.local,+31-646996625,Operaties,Proces coordinator
000392,Eline Nijman,Eline,Nijman,Eline Nijman,elinijman,elinijman@bedrijf.local,+31-620916719,Operaties,Operaties Manager
000393,Kevin Blonk,Kevin,Blonk,Kevin Blonk,kevblonk,kevblonk@bedrijf.local,+31-619826792,Operaties,Proces coordinator
000394,Maartje van der Avoirt,Maartje,van der Avoirt,Maartje van der Avoirt,maavanderavoirt,maavanderavoirt@bedrijf.local,+31-669633312,Operaties,Proces coordinator
000395,Victor Pieters,Victor,Pieters,Victor Pieters,vicpieters,vicpieters@bedrijf.local,+31-642951432,Operaties,Operaties Specialist
000396,Jens 's Gravensande,Jens,'s Gravensande,Jens 's Gravensande,jen'sgravensande,jen'sgravensande@bedrijf.local,+31-621703802,Operaties,Operaties Specialist
000397,Nick de Jode Vastraedsd,Nick,de Jode Vastraedsd,Nick de Jode Vastraedsd,nicdejodevastraedsd,nicdejodevastraedsd@bedrijf.local,+31-623190477,Operaties,Operaties Manager
000398,Maurits Tamsma,Maurits,Tamsma,Maurits Tamsma,mautamsma,mautamsma@bedrijf.local,+31-689170855,Operaties,Proces coordinator
000399,Jake Wunderink,Jake,Wunderink,Jake Wunderink,jakwunderink,jakwunderink@bedrijf.local,+31-633579596,Operaties,Operaties Specialist
000400,Jelte Kremer,Jelte,Kremer,Jelte Kremer,jelkremer,jelkremer@bedrijf.local,+31-623666545,Operaties,Operaties Manager
000401,Vince van Drenthe,Vince,van Drenthe,Vince van Drenthe,vinvandrenthe,vinvandrenthe@bedrijf.local,+31-674952547,Operaties,Proces coordinator
000402,Kyano van Kusen,Kyano,van Kusen,Kyano van Kusen,kyavankusen,kyavankusen@bedrijf.local,+31-642576726,Operaties,Operaties Manager
000403,Olivia Lambregt,Olivia,Lambregt,Olivia Lambregt,olilambregt,olilambregt@bedrijf.local,+31-633364760,Operaties,Proces coordinator
000404,Kyan Mater,Kyan,Mater,Kyan Mater,kyamater,kyamater@bedrijf.local,+31-670577159,Operaties,Operaties Specialist
000405,Ties Mallien,Ties,Mallien,Ties Mallien,tiemallien,tiemallien@bedrijf.local,+31-612717459,Operaties,Operaties Manager
000406,Stijn Willemsen,Stijn,Willemsen,Stijn Willemsen,stiwillemsen,stiwillemsen@bedrijf.local,+31-641850074,Operaties,Operaties Manager
000407,Helena de Ruiter,Helena,de Ruiter,Helena de Ruiter,helderuiter,helderuiter@bedrijf.local,+31-613919940,Operaties,Proces coordinator
000408,Rafael Ketel,Rafael,Ketel,Rafael Ketel,rafketel,rafketel@bedrijf.local,+31-652937820,Operaties,Operaties Specialist
000409,Yusuf Cornelisse,Yusuf,Cornelisse,Yusuf Cornelisse,yuscornelisse,yuscornelisse@bedrijf.local,+31-698901504,Operaties,Operaties Specialist
000410,Nadia die Bont,Nadia,die Bont,Nadia die Bont,naddiebont,naddiebont@bedrijf.local,+31-626456668,Operaties,Operaties Specialist
000411,Demi van Bernicia,Demi,van Bernicia,Demi van Bernicia,demvanbernicia,demvanbernicia@bedrijf.local,+31-676918608,Operaties,Operaties Specialist
000412,Kayleigh van den Nuwenhijsen,Kayleigh,van den Nuwenhijsen,Kayleigh van den Nuwenhijsen,kayvandennuwenhijsen,kayvandennuwenhijsen@bedrijf.local,+31-645646318,Operaties,Proces coordinator
000413,Kaylee de Haan,Kaylee,de Haan,Kaylee de Haan,kaydehaan,kaydehaan@bedrijf.local,+31-650950201,Operaties,Proces coordinator
000414,Jelle Linschoten,Jelle,Linschoten,Jelle Linschoten,jellinschoten,jellinschoten@bedrijf.local,+31-628945614,Operaties,Operaties Manager
000415,Rowan Lafleur,Rowan,Lafleur,Rowan Lafleur,rowlafleur,rowlafleur@bedrijf.local,+31-657223542,Operaties,Proces coordinator
000416,Noëlle Zeldenrust,Noëlle,Zeldenrust,Noëlle Zeldenrust,noëzeldenrust,noëzeldenrust@bedrijf.local,+31-617403838,Operaties,Operaties Specialist
000417,Pepijn Koeman,Pepijn,Koeman,Pepijn Koeman,pepkoeman,pepkoeman@bedrijf.local,+31-680608876,Operaties,Operaties Manager
000418,Lauren Borman,Lauren,Borman,Lauren Borman,lauborman,lauborman@bedrijf.local,+31-699379549,Operaties,Operaties Specialist
000419,Catharina Kloppert,Catharina,Kloppert,Catharina Kloppert,catkloppert,catkloppert@bedrijf.local,+31-692898025,Operaties,Proces coordinator
000420,Nadine Aelftrud van Wessex,Nadine,Aelftrud van Wessex,Nadine Aelftrud van Wessex,nadaelftrudvanwessex,nadaelftrudvanwessex@bedrijf.local,+31-635468383,Operaties,Operaties Manager
000421,Philip Kas,Philip,Kas,Philip Kas,phikas,phikas@bedrijf.local,+31-640925982,Operaties,Proces coordinator
000422,Roan van de Noordmark,Roan,van de Noordmark,Roan van de Noordmark,roavandenoordmark,roavandenoordmark@bedrijf.local,+31-644972147,Operaties,Proces coordinator
000423,Jelle Evers,Jelle,Evers,Jelle Evers,jelevers,jelevers@bedrijf.local,+31-645695255,Operaties,Proces coordinator
000424,Ivan van Wallaert,Ivan,van Wallaert,Ivan van Wallaert,ivavanwallaert,ivavanwallaert@bedrijf.local,+31-615582859,Operaties,Proces coordinator
000425,Dina Terry,Dina,Terry,Dina Terry,dinterry,dinterry@bedrijf.local,+31-620564485,Operaties,Operaties Specialist
000426,Saar Verbeek,Saar,Verbeek,Saar Verbeek,saaverbeek,saaverbeek@bedrijf.local,+31-669594484,Operaties,Operaties Specialist
000427,Amélie Slingerland,Amélie,Slingerland,Amélie Slingerland,améslingerland,améslingerland@bedrijf.local,+31-684344647,Operaties,Operaties Specialist
000428,Rik Oda,Rik,Oda,Rik Oda,rikoda,rikoda@bedrijf.local,+31-693484206,Operaties,Operaties Manager
000429,Wout Wolters,Wout,Wolters,Wout Wolters,wouwolters,wouwolters@bedrijf.local,+31-693054180,Operaties,Proces coordinator
000430,Sara Jdotte,Sara,Jdotte,Sara Jdotte,sarjdotte,sarjdotte@bedrijf.local,+31-659186680,Operaties,Proces coordinator
000431,Loes de Hoogh,Loes,de Hoogh,Loes de Hoogh,loedehoogh,loedehoogh@bedrijf.local,+31-681681217,Operaties,Operaties Manager
000432,Mick Bierstraten,Mick,Bierstraten,Mick Bierstraten,micbierstraten,micbierstraten@bedrijf.local,+31-635626714,Operaties,Proces coordinator
000433,Leah Peterse,Leah,Peterse,Leah Peterse,leapeterse,leapeterse@bedrijf.local,+31-684263565,Operaties,Operaties Specialist
000434,Youssef Hofman,Youssef,Hofman,Youssef Hofman,youhofman,youhofman@bedrijf.local,+31-689851238,Operaties,Operaties Manager
000435,Ayoub Françoise,Ayoub,Françoise,Ayoub Françoise,ayofrançoise,ayofrançoise@bedrijf.local,+31-629614922,Operaties,Proces coordinator
000436,Koen Wutke,Koen,Wutke,Koen Wutke,koewutke,koewutke@bedrijf.local,+31-653392037,Operaties,Operaties Specialist
000437,Ella West-Francië, van,Ella,West-Francië, van,Ella West-Francië, van,ellwest-francië,van,ellwest-francië,van@bedrijf.local,+31-622138244,Operaties,Operaties Specialist
000438,Stefan Peters,Stefan,Peters,Stefan Peters,stepeters,stepeters@bedrijf.local,+31-657811657,Operaties,Proces coordinator
000439,Sem Jonker,Sem,Jonker,Sem Jonker,semjonker,semjonker@bedrijf.local,+31-652526716,Operaties,Operaties Manager
000440,Maja Gruijl,Maja,Gruijl,Maja Gruijl,majgruijl,majgruijl@bedrijf.local,+31-664247382,Operaties,Proces coordinator
000441,Kayleigh Mansveld,Kayleigh,Mansveld,Kayleigh Mansveld,kaymansveld,kaymansveld@bedrijf.local,+31-682216814,Ondersteuning,Klanten Service Specialist
000442,Ivan Emmen,Ivan,Emmen,Ivan Emmen,ivaemmen,ivaemmen@bedrijf.local,+31-618875754,Ondersteuning,Ondersteuning Engineer
000443,Marijn Hemma van Allemanië,Marijn,Hemma van Allemanië,Marijn Hemma van Allemanië,marhemmavanallemanië,marhemmavanallemanië@bedrijf.local,+31-699636857,Ondersteuning,Technische Ondersteuning
000444,Quinten Spreeuw,Quinten,Spreeuw,Quinten Spreeuw,quispreeuw,quispreeuw@bedrijf.local,+31-614775757,Ondersteuning,Klanten Service Specialist
000445,Kyra van Olst,Kyra,van Olst,Kyra van Olst,kyrvanolst,kyrvanolst@bedrijf.local,+31-636734685,Ondersteuning,Klanten Service Specialist
000446,Jules Blewanus,Jules,Blewanus,Jules Blewanus,julblewanus,julblewanus@bedrijf.local,+31-677831529,Ondersteuning,Ondersteuning Engineer
000447,Jayson Meyer,Jayson,Meyer,Jayson Meyer,jaymeyer,jaymeyer@bedrijf.local,+31-630892762,Ondersteuning,Technische Ondersteuning
000448,Joël van Ommeren,Joël,van Ommeren,Joël van Ommeren,joëvanommeren,joëvanommeren@bedrijf.local,+31-629288463,Ondersteuning,Klanten Service Specialist
000449,Kay Terry,Kay,Terry,Kay Terry,kayterry,kayterry@bedrijf.local,+31-688735037,Ondersteuning,Ondersteuning Engineer
000450,Vigo de Vrome,Vigo,de Vrome,Vigo de Vrome,vigdevrome,vigdevrome@bedrijf.local,+31-683533629,Ondersteuning,Ondersteuning Engineer
000451,Nina Willems,Nina,Willems,Nina Willems,ninwillems,ninwillems@bedrijf.local,+31-617095417,Ondersteuning,Technische Ondersteuning
000452,Kyara van den Oever,Kyara,van den Oever,Kyara van den Oever,kyavandenoever,kyavandenoever@bedrijf.local,+31-631446350,Ondersteuning,Ondersteuning Engineer
000453,Nora van Dijk,Nora,van Dijk,Nora van Dijk,norvandijk,norvandijk@bedrijf.local,+31-628764398,Ondersteuning,Klanten Service Specialist
000454,Aya Labado,Aya,Labado,Aya Labado,ayalabado,ayalabado@bedrijf.local,+31-644530625,Ondersteuning,Technische Ondersteuning
000455,Rayan le Guellec,Rayan,le Guellec,Rayan le Guellec,rayleguellec,rayleguellec@bedrijf.local,+31-615701681,Ondersteuning,Ondersteuning Engineer
000456,Phileine de Bruijn,Phileine,de Bruijn,Phileine de Bruijn,phidebruijn,phidebruijn@bedrijf.local,+31-621704018,Ondersteuning,Technische Ondersteuning
000457,Merel Krabbe,Merel,Krabbe,Merel Krabbe,merkrabbe,merkrabbe@bedrijf.local,+31-649904680,Ondersteuning,Ondersteuning Engineer
000458,Quinten Dirven,Quinten,Dirven,Quinten Dirven,quidirven,quidirven@bedrijf.local,+31-653763876,Ondersteuning,Ondersteuning Engineer
000459,Suus Chotzen,Suus,Chotzen,Suus Chotzen,suuchotzen,suuchotzen@bedrijf.local,+31-684867500,Ondersteuning,Ondersteuning Engineer
000460,Maxim van 't Riet,Maxim,van 't Riet,Maxim van 't Riet,maxvan'triet,maxvan'triet@bedrijf.local,+31-632679012,Ondersteuning,Klanten Service Specialist
000461,Hidde van Asten,Hidde,van Asten,Hidde van Asten,hidvanasten,hidvanasten@bedrijf.local,+31-668070488,Ondersteuning,Klanten Service Specialist
000462,Kiki van Rijthoven,Kiki,van Rijthoven,Kiki van Rijthoven,kikvanrijthoven,kikvanrijthoven@bedrijf.local,+31-666269039,Ondersteuning,Technische Ondersteuning
000463,Fem van Henegouwen,Fem,van Henegouwen,Fem van Henegouwen,femvanhenegouwen,femvanhenegouwen@bedrijf.local,+31-676740548,Ondersteuning,Technische Ondersteuning
000464,Sil Maaswinkel,Sil,Maaswinkel,Sil Maaswinkel,silmaaswinkel,silmaaswinkel@bedrijf.local,+31-670473746,Ondersteuning,Ondersteuning Engineer
000465,Hanna de Koning,Hanna,de Koning,Hanna de Koning,handekoning,handekoning@bedrijf.local,+31-666707926,Ondersteuning,Klanten Service Specialist
000466,Giovanni de Koning,Giovanni,de Koning,Giovanni de Koning,giodekoning,giodekoning@bedrijf.local,+31-636751662,Ondersteuning,Klanten Service Specialist
000467,Aaron van Dam,Aaron,van Dam,Aaron van Dam,aarvandam,aarvandam@bedrijf.local,+31-651004638,Ondersteuning,Ondersteuning Engineer
000468,Phileine Huisman,Phileine,Huisman,Phileine Huisman,phihuisman,phihuisman@bedrijf.local,+31-638605919,Ondersteuning,Klanten Service Specialist
000469,Michelle Vertoor,Michelle,Vertoor,Michelle Vertoor,micvertoor,micvertoor@bedrijf.local,+31-686797178,Ondersteuning,Technische Ondersteuning
000470,Imran Rackham,Imran,Rackham,Imran Rackham,imrrackham,imrrackham@bedrijf.local,+31-657432231,Ondersteuning,Technische Ondersteuning
000471,Sofie van Gastel,Sofie,van Gastel,Sofie van Gastel,sofvangastel,sofvangastel@bedrijf.local,+31-634114883,Ondersteuning,Ondersteuning Engineer
000472,Kaylee Momberg,Kaylee,Momberg,Kaylee Momberg,kaymomberg,kaymomberg@bedrijf.local,+31-652600462,Ondersteuning,Technische Ondersteuning
000473,Jorn Doornhem,Jorn,Doornhem,Jorn Doornhem,jordoornhem,jordoornhem@bedrijf.local,+31-641901763,Ondersteuning,Klanten Service Specialist
000474,Adam Huijzing,Adam,Huijzing,Adam Huijzing,adahuijzing,adahuijzing@bedrijf.local,+31-693502547,Ondersteuning,Technische Ondersteuning
000475,Anouk Molenaar,Anouk,Molenaar,Anouk Molenaar,anomolenaar,anomolenaar@bedrijf.local,+31-637443427,Ondersteuning,Ondersteuning Engineer
000476,Tyler Lucas,Tyler,Lucas,Tyler Lucas,tyllucas,tyllucas@bedrijf.local,+31-662708744,Ondersteuning,Technische Ondersteuning
000477,Brian Hanegraaff,Brian,Hanegraaff,Brian Hanegraaff,brihanegraaff,brihanegraaff@bedrijf.local,+31-659672679,Ondersteuning,Technische Ondersteuning
000478,Lina van der Wal,Lina,van der Wal,Lina van der Wal,linvanderwal,linvanderwal@bedrijf.local,+31-626767033,Ondersteuning,Klanten Service Specialist
000479,Liz Kolster,Liz,Kolster,Liz Kolster,lizkolster,lizkolster@bedrijf.local,+31-698805696,Ondersteuning,Klanten Service Specialist
000480,Isabelle Adriaense,Isabelle,Adriaense,Isabelle Adriaense,isaadriaense,isaadriaense@bedrijf.local,+31-661610668,Ondersteuning,Technische Ondersteuning
000481,Senna Oude Heer,Senna,Oude Heer,Senna Oude Heer,senoudeheer,senoudeheer@bedrijf.local,+31-643997437,Ondersteuning,Klanten Service Specialist
000482,Maja Lamore,Maja,Lamore,Maja Lamore,majlamore,majlamore@bedrijf.local,+31-652706267,Ondersteuning,Ondersteuning Engineer
000483,Ilse Hoekstra,Ilse,Hoekstra,Ilse Hoekstra,ilshoekstra,ilshoekstra@bedrijf.local,+31-679233554,Ondersteuning,Ondersteuning Engineer
000484,Catharina Pratt,Catharina,Pratt,Catharina Pratt,catpratt,catpratt@bedrijf.local,+31-657793662,Ondersteuning,Klanten Service Specialist
000485,Nova Lambregt,Nova,Lambregt,Nova Lambregt,novlambregt,novlambregt@bedrijf.local,+31-614181484,Ondersteuning,Ondersteuning Engineer
000486,Senna Woutersz,Senna,Woutersz,Senna Woutersz,senwoutersz,senwoutersz@bedrijf.local,+31-693389569,Ondersteuning,Ondersteuning Engineer
000487,Sami Huijzing,Sami,Huijzing,Sami Huijzing,samhuijzing,samhuijzing@bedrijf.local,+31-613809482,Ondersteuning,Klanten Service Specialist
000488,Lara Welf,Lara,Welf,Lara Welf,larwelf,larwelf@bedrijf.local,+31-661441783,Ondersteuning,Ondersteuning Engineer
000489,Mick Merckx,Mick,Merckx,Mick Merckx,micmerckx,micmerckx@bedrijf.local,+31-644067033,Ondersteuning,Ondersteuning Engineer
000490,Loek Walsteijn,Loek,Walsteijn,Loek Walsteijn,loewalsteijn,loewalsteijn@bedrijf.local,+31-654863120,Ondersteuning,Technische Ondersteuning
000491,Emily Spiker,Emily,Spiker,Emily Spiker,emispiker,emispiker@bedrijf.local,+31-652033372,Ondersteuning,Technische Ondersteuning
000492,Beau Winters,Beau,Winters,Beau Winters,beawinters,beawinters@bedrijf.local,+31-657502646,Ondersteuning,Ondersteuning Engineer
000493,Loïs Verkade,Loïs,Verkade,Loïs Verkade,loïverkade,loïverkade@bedrijf.local,+31-694050231,Ondersteuning,Technische Ondersteuning
000494,Olivier Oversteeg,Olivier,Oversteeg,Olivier Oversteeg,olioversteeg,olioversteeg@bedrijf.local,+31-693024855,Ondersteuning,Klanten Service Specialist
000495,Elise de Groot,Elise,de Groot,Elise de Groot,elidegroot,elidegroot@bedrijf.local,+31-668977935,Ondersteuning,Technische Ondersteuning
000496,Elisa van Alenburg,Elisa,van Alenburg,Elisa van Alenburg,elivanalenburg,elivanalenburg@bedrijf.local,+31-652900198,Ondersteuning,Technische Ondersteuning
000497,Jasper Reimes,Jasper,Reimes,Jasper Reimes,jasreimes,jasreimes@bedrijf.local,+31-656304905,Ondersteuning,Technische Ondersteuning
000498,Victoria van Santen,Victoria,van Santen,Victoria van Santen,vicvansanten,vicvansanten@bedrijf.local,+31-630632251,Ondersteuning,Technische Ondersteuning
000499,Lizz Leene,Lizz,Leene,Lizz Leene,lizleene,lizleene@bedrijf.local,+31-690939191,Ondersteuning,Klanten Service Specialist
000500,Vincent Claassen,Vincent,Claassen,Vincent Claassen,vinclaassen,vinclaassen@bedrijf.local,+31-654254843,Ondersteuning,Ondersteuning Engineer
000501,Thijmen Geerling,Thijmen,Geerling,Thijmen Geerling,thigeerling,thigeerling@bedrijf.local,+31-669959337,Ondersteuning,Ondersteuning Engineer
000502,Esther Dijkman,Esther,Dijkman,Esther Dijkman,estdijkman,estdijkman@bedrijf.local,+31-621402108,Ondersteuning,Ondersteuning Engineer
000503,Sophie Koret,Sophie,Koret,Sophie Koret,sopkoret,sopkoret@bedrijf.local,+31-637397845,Ondersteuning,Klanten Service Specialist
000504,Justin Martens,Justin,Martens,Justin Martens,jusmartens,jusmartens@bedrijf.local,+31-631460256,Ondersteuning,Ondersteuning Engineer
000505,Esmée Françoise,Esmée,Françoise,Esmée Françoise,esmfrançoise,esmfrançoise@bedrijf.local,+31-662251661,Ondersteuning,Ondersteuning Engineer
000506,Colin van den Velde,Colin,van den Velde,Colin van den Velde,colvandenvelde,colvandenvelde@bedrijf.local,+31-620102395,Juridisch,Juridisch assistent
000507,Stan de Ruiter,Stan,de Ruiter,Stan de Ruiter,staderuiter,staderuiter@bedrijf.local,+31-682682401,Juridisch,Juridische Adviseur
000508,Casper Koster,Casper,Koster,Casper Koster,caskoster,caskoster@bedrijf.local,+31-637621611,Juridisch,Compliance Officer
000509,Helena Zijlmans,Helena,Zijlmans,Helena Zijlmans,helzijlmans,helzijlmans@bedrijf.local,+31-662957493,Juridisch,Juridische Adviseur
000510,Nora Maas,Nora,Maas,Nora Maas,normaas,normaas@bedrijf.local,+31-671323125,Juridisch,Juridisch assistent
000511,Femke van Tours,Femke,van Tours,Femke van Tours,femvantours,femvantours@bedrijf.local,+31-620562394,Juridisch,Juridisch assistent
000512,Tom van der Noot,Tom,van der Noot,Tom van der Noot,tomvandernoot,tomvandernoot@bedrijf.local,+31-682468748,Juridisch,Juridisch assistent
000513,Louise Hendriks,Louise,Hendriks,Louise Hendriks,louhendriks,louhendriks@bedrijf.local,+31-666269083,Juridisch,Juridisch assistent
000514,Yasmine Olthof,Yasmine,Olthof,Yasmine Olthof,yasolthof,yasolthof@bedrijf.local,+31-646622920,Juridisch,Juridische Adviseur
000515,Zoë Fredriks,Zoë,Fredriks,Zoë Fredriks,zoëfredriks,zoëfredriks@bedrijf.local,+31-647034467,Juridisch,Juridisch assistent
000516,Fabiënne Dirksen,Fabiënne,Dirksen,Fabiënne Dirksen,fabdirksen,fabdirksen@bedrijf.local,+31-648609125,Juridisch,Compliance Officer
000517,Maria Bud,Maria,Bud,Maria Bud,marbud,marbud@bedrijf.local,+31-635529176,Juridisch,Juridisch assistent
000518,Mick Riem,Mick,Riem,Mick Riem,micriem,micriem@bedrijf.local,+31-658684757,Juridisch,Compliance Officer
000519,Jamie Pratt,Jamie,Pratt,Jamie Pratt,jampratt,jampratt@bedrijf.local,+31-615482438,Juridisch,Juridisch assistent
000520,Bibi Rotteveel,Bibi,Rotteveel,Bibi Rotteveel,bibrotteveel,bibrotteveel@bedrijf.local,+31-625797161,Juridisch,Compliance Officer
000521,Bram Meijer,Bram,Meijer,Bram Meijer,brameijer,brameijer@bedrijf.local,+31-685592445,Juridisch,Juridische Adviseur
000522,Suze van Wijk,Suze,van Wijk,Suze van Wijk,suzvanwijk,suzvanwijk@bedrijf.local,+31-633787432,Juridisch,Juridisch assistent
000523,Julian van Roijen,Julian,van Roijen,Julian van Roijen,julvanroijen,julvanroijen@bedrijf.local,+31-675676792,Juridisch,Juridische Adviseur
000524,Amir van Amstel,Amir,van Amstel,Amir van Amstel,amivanamstel,amivanamstel@bedrijf.local,+31-629568918,Juridisch,Compliance Officer
000525,Sophie Honing,Sophie,Honing,Sophie Honing,sophoning,sophoning@bedrijf.local,+31-699911234,Juridisch,Juridische Adviseur
000526,Ayden de Bruijn,Ayden,de Bruijn,Ayden de Bruijn,ayddebruijn,ayddebruijn@bedrijf.local,+31-624482752,Logistiek,Logistiek Coordinator
000527,Aaron Huijbrechts,Aaron,Huijbrechts,Aaron Huijbrechts,aarhuijbrechts,aarhuijbrechts@bedrijf.local,+31-679504655,Logistiek,Logistiek Coordinator
000528,Marinus Heijmen,Marinus,Heijmen,Marinus Heijmen,marheijmen,marheijmen@bedrijf.local,+31-628861052,Logistiek,Magazijn Manager
000529,Arie Brouwer,Arie,Brouwer,Arie Brouwer,aribrouwer,aribrouwer@bedrijf.local,+31-678922408,Logistiek,Logistiek Coordinator
000530,Sem Beekman,Sem,Beekman,Sem Beekman,sembeekman,sembeekman@bedrijf.local,+31-622976041,Logistiek,Magazijn Manager
000531,Ian Bresé,Ian,Bresé,Ian Bresé,ianbresé,ianbresé@bedrijf.local,+31-626061597,Logistiek,Supply Chain Specialist
000532,Luke van der Maes,Luke,van der Maes,Luke van der Maes,lukvandermaes,lukvandermaes@bedrijf.local,+31-637448403,Logistiek,Magazijn Manager
000533,Carlijn van Ginkel,Carlijn,van Ginkel,Carlijn van Ginkel,carvanginkel,carvanginkel@bedrijf.local,+31-638765098,Logistiek,Logistiek Coordinator
000534,Olivier Scheer,Olivier,Scheer,Olivier Scheer,olischeer,olischeer@bedrijf.local,+31-668497839,Logistiek,Magazijn Manager
000535,Mark Uphuis,Mark,Uphuis,Mark Uphuis,maruphuis,maruphuis@bedrijf.local,+31-638777777,Logistiek,Magazijn Manager
000536,Lizz Verharen,Lizz,Verharen,Lizz Verharen,lizverharen,lizverharen@bedrijf.local,+31-638470999,Logistiek,Supply Chain Specialist
000537,Beau Mulders,Beau,Mulders,Beau Mulders,beamulders,beamulders@bedrijf.local,+31-650168790,Logistiek,Magazijn Manager
000538,Tijn van den Hoek,Tijn,van den Hoek,Tijn van den Hoek,tijvandenhoek,tijvandenhoek@bedrijf.local,+31-610068281,Logistiek,Magazijn Manager
000539,Renske Eckhardt,Renske,Eckhardt,Renske Eckhardt,reneckhardt,reneckhardt@bedrijf.local,+31-613458686,Logistiek,Supply Chain Specialist
000540,Justin Merckx,Justin,Merckx,Justin Merckx,jusmerckx,jusmerckx@bedrijf.local,+31-667893742,Logistiek,Supply Chain Specialist
000541,Joël van Maasgouw,Joël,van Maasgouw,Joël van Maasgouw,joëvanmaasgouw,joëvanmaasgouw@bedrijf.local,+31-667615832,Logistiek,Logistiek Coordinator
000542,Cornelis Boers,Cornelis,Boers,Cornelis Boers,corboers,corboers@bedrijf.local,+31-635690880,Logistiek,Supply Chain Specialist
000543,Ayoub Oosterhout,Ayoub,Oosterhout,Ayoub Oosterhout,ayooosterhout,ayooosterhout@bedrijf.local,+31-625952172,Logistiek,Logistiek Coordinator
000544,Sylvie Frerichs,Sylvie,Frerichs,Sylvie Frerichs,sylfrerichs,sylfrerichs@bedrijf.local,+31-618064531,Logistiek,Magazijn Manager
000545,Noa Vastenhouw,Noa,Vastenhouw,Noa Vastenhouw,noavastenhouw,noavastenhouw@bedrijf.local,+31-698331120,Logistiek,Logistiek Coordinator
000546,Lize Lonen,Lize,Lonen,Lize Lonen,lizlonen,lizlonen@bedrijf.local,+31-677458209,Logistiek,Magazijn Manager
000547,Colin Zwijsen,Colin,Zwijsen,Colin Zwijsen,colzwijsen,colzwijsen@bedrijf.local,+31-641146864,Logistiek,Supply Chain Specialist
000548,Lana de Koning,Lana,de Koning,Lana de Koning,landekoning,landekoning@bedrijf.local,+31-675441909,Logistiek,Magazijn Manager
000549,Alyssa Barents,Alyssa,Barents,Alyssa Barents,alybarents,alybarents@bedrijf.local,+31-645472046,Logistiek,Magazijn Manager
000550,Jesse Zijlemans,Jesse,Zijlemans,Jesse Zijlemans,jeszijlemans,jeszijlemans@bedrijf.local,+31-679872185,Logistiek,Supply Chain Specialist
000551,Veerle Kok,Veerle,Kok,Veerle Kok,veekok,veekok@bedrijf.local,+31-678194877,Logistiek,Supply Chain Specialist
000552,Jake Bresse,Jake,Bresse,Jake Bresse,jakbresse,jakbresse@bedrijf.local,+31-639512503,Logistiek,Supply Chain Specialist
000553,Beau Boddaugh,Beau,Boddaugh,Beau Boddaugh,beaboddaugh,beaboddaugh@bedrijf.local,+31-615858077,Logistiek,Logistiek Coordinator
000554,Aylin de Heer,Aylin,de Heer,Aylin de Heer,ayldeheer,ayldeheer@bedrijf.local,+31-633637324,Logistiek,Supply Chain Specialist
000555,Ivan Slingerland,Ivan,Slingerland,Ivan Slingerland,ivaslingerland,ivaslingerland@bedrijf.local,+31-610235716,Logistiek,Logistiek Coordinator
000556,Jelle van Ooyen,Jelle,van Ooyen,Jelle van Ooyen,jelvanooyen,jelvanooyen@bedrijf.local,+31-699113872,Logistiek,Supply Chain Specialist
000557,Imran Wright,Imran,Wright,Imran Wright,imrwright,imrwright@bedrijf.local,+31-676746624,Logistiek,Logistiek Coordinator
000558,Colin Tielemans,Colin,Tielemans,Colin Tielemans,coltielemans,coltielemans@bedrijf.local,+31-688340624,Logistiek,Logistiek Coordinator
000559,Annabel Klein,Annabel,Klein,Annabel Klein,annklein,annklein@bedrijf.local,+31-653986981,Logistiek,Logistiek Coordinator
000560,Lina Jonker,Lina,Jonker,Lina Jonker,linjonker,linjonker@bedrijf.local,+31-663750394,Logistiek,Magazijn Manager
000561,Olivia Kuijpers,Olivia,Kuijpers,Olivia Kuijpers,olikuijpers,olikuijpers@bedrijf.local,+31-662993113,Logistiek,Magazijn Manager
000562,Jacob Ulrich,Jacob,Ulrich,Jacob Ulrich,jaculrich,jaculrich@bedrijf.local,+31-676882642,Logistiek,Logistiek Coordinator
000563,Kim Wilson,Kim,Wilson,Kim Wilson,kimwilson,kimwilson@bedrijf.local,+31-636380998,Logistiek,Logistiek Coordinator
000564,Niek Veenstra,Niek,Veenstra,Niek Veenstra,nieveenstra,nieveenstra@bedrijf.local,+31-622880738,Logistiek,Supply Chain Specialist
000565,Mirte Middelkoop,Mirte,Middelkoop,Mirte Middelkoop,mirmiddelkoop,mirmiddelkoop@bedrijf.local,+31-618749429,Logistiek,Logistiek Coordinator
000566,Jasper Levesque,Jasper,Levesque,Jasper Levesque,jaslevesque,jaslevesque@bedrijf.local,+31-624598679,Logistiek,Magazijn Manager
000567,Oscar Sarneel,Oscar,Sarneel,Oscar Sarneel,oscsarneel,oscsarneel@bedrijf.local,+31-617250959,Logistiek,Magazijn Manager
000568,Stef Bruijne van der Veen,Stef,Bruijne van der Veen,Stef Bruijne van der Veen,stebruijnevanderveen,stebruijnevanderveen@bedrijf.local,+31-696593094,Logistiek,Magazijn Manager
000569,Tijs Otto,Tijs,Otto,Tijs Otto,tijotto,tijotto@bedrijf.local,+31-620390110,Logistiek,Supply Chain Specialist
000570,Nadia Freshour,Nadia,Freshour,Nadia Freshour,nadfreshour,nadfreshour@bedrijf.local,+31-650541206,Logistiek,Logistiek Coordinator
000571,Jurre de Strigter,Jurre,de Strigter,Jurre de Strigter,jurdestrigter,jurdestrigter@bedrijf.local,+31-663765330,Administratie,Directie Assistent
000572,Thijmen Verhoeven,Thijmen,Verhoeven,Thijmen Verhoeven,thiverhoeven,thiverhoeven@bedrijf.local,+31-666034972,Administratie,Administratief Medewerker
000573,Dylano Hoedemakers,Dylano,Hoedemakers,Dylano Hoedemakers,dylhoedemakers,dylhoedemakers@bedrijf.local,+31-627262354,Administratie,Kantoor Beheerder
000574,Thomas Steenbakkers,Thomas,Steenbakkers,Thomas Steenbakkers,thosteenbakkers,thosteenbakkers@bedrijf.local,+31-633793669,Administratie,Administratief Medewerker
000575,Bart Wipstrik,Bart,Wipstrik,Bart Wipstrik,barwipstrik,barwipstrik@bedrijf.local,+31-645940833,Administratie,Kantoor Beheerder
000576,Ayoub Luster,Ayoub,Luster,Ayoub Luster,ayoluster,ayoluster@bedrijf.local,+31-633529566,Administratie,Kantoor Beheerder
000577,Noëlle Kamp,Noëlle,Kamp,Noëlle Kamp,noëkamp,noëkamp@bedrijf.local,+31-668978979,Administratie,Directie Assistent
000578,Pleun Peters,Pleun,Peters,Pleun Peters,plepeters,plepeters@bedrijf.local,+31-646759814,Administratie,Directie Assistent
000579,Daniel Bresé,Daniel,Bresé,Daniel Bresé,danbresé,danbresé@bedrijf.local,+31-698036005,Administratie,Directie Assistent
000580,Esmee Weyland,Esmee,Weyland,Esmee Weyland,esmweyland,esmweyland@bedrijf.local,+31-659268915,Administratie,Administratief Medewerker
000581,Joost Brisee,Joost,Brisee,Joost Brisee,joobrisee,joobrisee@bedrijf.local,+31-613234871,Administratie,Administratief Medewerker
000582,Valerie van Waas,Valerie,van Waas,Valerie van Waas,valvanwaas,valvanwaas@bedrijf.local,+31-695784787,Administratie,Kantoor Beheerder
000583,Joep Smit,Joep,Smit,Joep Smit,joesmit,joesmit@bedrijf.local,+31-671328409,Administratie,Directie Assistent
000584,Ibrahim Cammel,Ibrahim,Cammel,Ibrahim Cammel,ibrcammel,ibrcammel@bedrijf.local,+31-661108353,Administratie,Kantoor Beheerder
000585,Joy Brievingh,Joy,Brievingh,Joy Brievingh,joybrievingh,joybrievingh@bedrijf.local,+31-631646804,Administratie,Kantoor Beheerder
000586,Levi Ouwel,Levi,Ouwel,Levi Ouwel,levouwel,levouwel@bedrijf.local,+31-678792471,Administratie,Directie Assistent
000587,Bilal den Teuling,Bilal,den Teuling,Bilal den Teuling,bildenteuling,bildenteuling@bedrijf.local,+31-637430291,Administratie,Kantoor Beheerder
000588,Elise Olthof,Elise,Olthof,Elise Olthof,eliolthof,eliolthof@bedrijf.local,+31-698485315,Administratie,Administratief Medewerker
000589,Bilal Schakelaar,Bilal,Schakelaar,Bilal Schakelaar,bilschakelaar,bilschakelaar@bedrijf.local,+31-674436798,Administratie,Directie Assistent
000590,Ilse de Wit,Ilse,de Wit,Ilse de Wit,ilsdewit,ilsdewit@bedrijf.local,+31-670929908,Administratie,Kantoor Beheerder
000591,Mathijs van Schweinfurt,Mathijs,van Schweinfurt,Mathijs van Schweinfurt,matvanschweinfurt,matvanschweinfurt@bedrijf.local,+31-649599278,Administratie,Administratief Medewerker
000592,Xavi Perrono,Xavi,Perrono,Xavi Perrono,xavperrono,xavperrono@bedrijf.local,+31-653615179,Administratie,Kantoor Beheerder
000593,Sara Zeldenrust,Sara,Zeldenrust,Sara Zeldenrust,sarzeldenrust,sarzeldenrust@bedrijf.local,+31-688766529,Administratie,Kantoor Beheerder
000594,Seth van Leuven,Seth,van Leuven,Seth van Leuven,setvanleuven,setvanleuven@bedrijf.local,+31-670505089,Administratie,Kantoor Beheerder
000595,Jasper Lonen,Jasper,Lonen,Jasper Lonen,jaslonen,jaslonen@bedrijf.local,+31-645562215,Administratie,Kantoor Beheerder
000596,Isabelle van der Spaendonck,Isabelle,van der Spaendonck,Isabelle van der Spaendonck,isavanderspaendonck,isavanderspaendonck@bedrijf.local,+31-669407892,Administratie,Administratief Medewerker
000597,Zara Koster,Zara,Koster,Zara Koster,zarkoster,zarkoster@bedrijf.local,+31-697737527,Administratie,Directie Assistent
000598,Zara van Mook,Zara,van Mook,Zara van Mook,zarvanmook,zarvanmook@bedrijf.local,+31-673680026,Administratie,Administratief Medewerker
000599,Vince de Bruin,Vince,de Bruin,Vince de Bruin,vindebruin,vindebruin@bedrijf.local,+31-630709540,Administratie,Directie Assistent
000600,Noor Massa,Noor,Massa,Noor Massa,noomassa,noomassa@bedrijf.local,+31-613322476,Administratie,Directie Assistent
000601,David Bezemer,David,Bezemer,David Bezemer,davbezemer,davbezemer@bedrijf.local,+31-695948727,Administratie,Directie Assistent
000602,Sienna van Tuijl,Sienna,van Tuijl,Sienna van Tuijl,sievantuijl,sievantuijl@bedrijf.local,+31-619210947,Administratie,Kantoor Beheerder
000603,Saar Lorreijn,Saar,Lorreijn,Saar Lorreijn,saalorreijn,saalorreijn@bedrijf.local,+31-634134456,Administratie,Directie Assistent
000604,Nienke Vallenduuk,Nienke,Vallenduuk,Nienke Vallenduuk,nievallenduuk,nievallenduuk@bedrijf.local,+31-624276551,Administratie,Administratief Medewerker
000605,Eliza Schroeff,Eliza,Schroeff,Eliza Schroeff,elischroeff,elischroeff@bedrijf.local,+31-643353903,Administratie,Directie Assistent
000606,Tess Luster,Tess,Luster,Tess Luster,tesluster,tesluster@bedrijf.local,+31-693217052,Administratie,Kantoor Beheerder
000607,Nout Potters,Nout,Potters,Nout Potters,noupotters,noupotters@bedrijf.local,+31-616059076,Administratie,Administratief Medewerker
000608,Philip Kwaadland,Philip,Kwaadland,Philip Kwaadland,phikwaadland,phikwaadland@bedrijf.local,+31-612241458,Administratie,Directie Assistent
000609,Nout van Rheineck,Nout,van Rheineck,Nout van Rheineck,nouvanrheineck,nouvanrheineck@bedrijf.local,+31-618663581,Administratie,Directie Assistent
000610,Raf Stichter,Raf,Stichter,Raf Stichter,rafstichter,rafstichter@bedrijf.local,+31-652252770,Administratie,Directie Assistent
000611,Benjamin Bosch,Benjamin,Bosch,Benjamin Bosch,benbosch,benbosch@bedrijf.local,+31-624478265,Administratie,Directie Assistent
000612,Sep Cadefau,Sep,Cadefau,Sep Cadefau,sepcadefau,sepcadefau@bedrijf.local,+31-630756988,Administratie,Directie Assistent
000613,Vigo Huurdeman,Vigo,Huurdeman,Vigo Huurdeman,vighuurdeman,vighuurdeman@bedrijf.local,+31-660322092,Administratie,Directie Assistent
000614,Mart van Loon,Mart,van Loon,Mart van Loon,marvanloon,marvanloon@bedrijf.local,+31-695368704,Administratie,Kantoor Beheerder
000615,Sebastiaan die Bont,Sebastiaan,die Bont,Sebastiaan die Bont,sebdiebont,sebdiebont@bedrijf.local,+31-685683976,Administratie,Kantoor Beheerder
000616,Chloé Unruoch Hunerik,Chloé,Unruoch Hunerik,Chloé Unruoch Hunerik,chlunruochhunerik,chlunruochhunerik@bedrijf.local,+31-623246527,Administratie,Kantoor Beheerder
000617,Amina Beijring,Amina,Beijring,Amina Beijring,amibeijring,amibeijring@bedrijf.local,+31-682151546,Administratie,Administratief Medewerker
000618,Evy van den Wittenboer,Evy,van den Wittenboer,Evy van den Wittenboer,evyvandenwittenboer,evyvandenwittenboer@bedrijf.local,+31-663281635,Administratie,Directie Assistent
000619,Jorn de Heer,Jorn,de Heer,Jorn de Heer,jordeheer,jordeheer@bedrijf.local,+31-670100751,Administratie,Kantoor Beheerder
000620,Owen de Jong,Owen,de Jong,Owen de Jong,owedejong,owedejong@bedrijf.local,+31-681610937,Administratie,Administratief Medewerker
000621,Karlijn van de Wiel,Karlijn,van de Wiel,Karlijn van de Wiel,karvandewiel,karvandewiel@bedrijf.local,+31-622472659,Administratie,Kantoor Beheerder
000622,Hanna Charon,Hanna,Charon,Hanna Charon,hancharon,hancharon@bedrijf.local,+31-617774803,Administratie,Directie Assistent
000623,Benjamin Slingerland,Benjamin,Slingerland,Benjamin Slingerland,benslingerland,benslingerland@bedrijf.local,+31-676624379,Administratie,Kantoor Beheerder
000624,Lucas Jansse,Lucas,Jansse,Lucas Jansse,lucjansse,lucjansse@bedrijf.local,+31-696051155,Administratie,Administratief Medewerker
000625,Indy van Noort,Indy,van Noort,Indy van Noort,indvannoort,indvannoort@bedrijf.local,+31-659279581,Administratie,Kantoor Beheerder
000626,Milan van Hemert,Milan,van Hemert,Milan van Hemert,milvanhemert,milvanhemert@bedrijf.local,+31-681769496,Administratie,Kantoor Beheerder
000627,Lieve van Hostaden,Lieve,van Hostaden,Lieve van Hostaden,lievanhostaden,lievanhostaden@bedrijf.local,+31-646951885,Administratie,Administratief Medewerker
000628,Dean van Ooyen,Dean,van Ooyen,Dean van Ooyen,deavanooyen,deavanooyen@bedrijf.local,+31-684863530,Administratie,Directie Assistent
000629,Riley Jacquot,Riley,Jacquot,Riley Jacquot,riljacquot,riljacquot@bedrijf.local,+31-677121669,Administratie,Directie Assistent
000630,Jan Zeldenrust,Jan,Zeldenrust,Jan Zeldenrust,janzeldenrust,janzeldenrust@bedrijf.local,+31-682696676,Administratie,Administratief Medewerker
000631,Valentijn van Beeck Beeckmans,Valentijn,van Beeck Beeckmans,Valentijn van Beeck Beeckmans,valvanbeeckbeeckmans,valvanbeeckbeeckmans@bedrijf.local,+31-699245930,Administratie,Directie Assistent
000632,Nikki Greij,Nikki,Greij,Nikki Greij,nikgreij,nikgreij@bedrijf.local,+31-697710658,Administratie,Administratief Medewerker
000633,Laura van Beek,Laura,van Beek,Laura van Beek,lauvanbeek,lauvanbeek@bedrijf.local,+31-613616067,Administratie,Directie Assistent
000634,Lenn van Emmelen,Lenn,van Emmelen,Lenn van Emmelen,lenvanemmelen,lenvanemmelen@bedrijf.local,+31-640065068,Administratie,Administratief Medewerker
000635,Berend Heerschop,Berend,Heerschop,Berend Heerschop,berheerschop,berheerschop@bedrijf.local,+31-685668212,Administratie,Directie Assistent
000636,Pien Vaessen,Pien,Vaessen,Pien Vaessen,pievaessen,pievaessen@bedrijf.local,+31-679688901,Administratie,Administratief Medewerker
000637,Rowan de Vries,Rowan,de Vries,Rowan de Vries,rowdevries,rowdevries@bedrijf.local,+31-650629838,Administratie,Kantoor Beheerder
000638,Leon van Ghoerle,Leon,van Ghoerle,Leon van Ghoerle,leovanghoerle,leovanghoerle@bedrijf.local,+31-652581449,Administratie,Administratief Medewerker
000639,Sienna van der Berg,Sienna,van der Berg,Sienna van der Berg,sievanderberg,sievanderberg@bedrijf.local,+31-630694506,Administratie,Directie Assistent
000640,Aiden Brouwer,Aiden,Brouwer,Aiden Brouwer,aidbrouwer,aidbrouwer@bedrijf.local,+31-657896567,Administratie,Kantoor Beheerder
000641,Maurits Verheuvel,Maurits,Verheuvel,Maurits Verheuvel,mauverheuvel,mauverheuvel@bedrijf.local,+31-635498923,Onderzoek en Ontwikkeling,R&D Specialist
000642,Melissa Gerrits,Melissa,Gerrits,Melissa Gerrits,melgerrits,melgerrits@bedrijf.local,+31-641991722,Onderzoek en Ontwikkeling,Product Ontwikkelaar
000643,Sylvie van Beek,Sylvie,van Beek,Sylvie van Beek,sylvanbeek,sylvanbeek@bedrijf.local,+31-664034894,Onderzoek en Ontwikkeling,Data Analist
000644,Lucy Scardino,Lucy,Scardino,Lucy Scardino,lucscardino,lucscardino@bedrijf.local,+31-615484393,Onderzoek en Ontwikkeling,Product Ontwikkelaar
000645,Louise van den Berg,Louise,van den Berg,Louise van den Berg,louvandenberg,louvandenberg@bedrijf.local,+31-623894632,Onderzoek en Ontwikkeling,Product Ontwikkelaar
000646,David Blokland,David,Blokland,David Blokland,davblokland,davblokland@bedrijf.local,+31-661618688,Onderzoek en Ontwikkeling,Data Analist
000647,Lauren Ruijs,Lauren,Ruijs,Lauren Ruijs,lauruijs,lauruijs@bedrijf.local,+31-637815156,Onderzoek en Ontwikkeling,Onderzoeks Engineer
000648,Amber van den Velde,Amber,van den Velde,Amber van den Velde,ambvandenvelde,ambvandenvelde@bedrijf.local,+31-653613375,Onderzoek en Ontwikkeling,Product Ontwikkelaar
000649,Maurits Vaessen,Maurits,Vaessen,Maurits Vaessen,mauvaessen,mauvaessen@bedrijf.local,+31-695474315,Onderzoek en Ontwikkeling,Product Ontwikkelaar
000650,Twan de Marduras,Twan,de Marduras,Twan de Marduras,twademarduras,twademarduras@bedrijf.local,+31-671042392,Onderzoek en Ontwikkeling,Data Analist
000651,Lizz Hulst,Lizz,Hulst,Lizz Hulst,lizhulst,lizhulst@bedrijf.local,+31-637418234,Onderzoek en Ontwikkeling,Product Ontwikkelaar
000652,Romy Jorrisen,Romy,Jorrisen,Romy Jorrisen,romjorrisen,romjorrisen@bedrijf.local,+31-683678484,Onderzoek en Ontwikkeling,R&D Specialist
000653,Azra Draaisma,Azra,Draaisma,Azra Draaisma,azrdraaisma,azrdraaisma@bedrijf.local,+31-624346729,Onderzoek en Ontwikkeling,Data Analist
000654,Yinthe Neuzerling,Yinthe,Neuzerling,Yinthe Neuzerling,yinneuzerling,yinneuzerling@bedrijf.local,+31-699303364,Onderzoek en Ontwikkeling,Onderzoeks Engineer
000655,Faas Ferran,Faas,Ferran,Faas Ferran,faaferran,faaferran@bedrijf.local,+31-686375534,Onderzoek en Ontwikkeling,Data Analist
000656,Selena Dijkstra,Selena,Dijkstra,Selena Dijkstra,seldijkstra,seldijkstra@bedrijf.local,+31-695717060,Onderzoek en Ontwikkeling,R&D Specialist
000657,Boris Neuzerling,Boris,Neuzerling,Boris Neuzerling,borneuzerling,borneuzerling@bedrijf.local,+31-674216586,Onderzoek en Ontwikkeling,Onderzoeks Engineer
000658,Dave Janse,Dave,Janse,Dave Janse,davjanse,davjanse@bedrijf.local,+31-628731806,Onderzoek en Ontwikkeling,Onderzoeks Engineer
000659,Loïs Muijs,Loïs,Muijs,Loïs Muijs,loïmuijs,loïmuijs@bedrijf.local,+31-691463982,Onderzoek en Ontwikkeling,Data Analist
000660,Lukas van der Flaas,Lukas,van der Flaas,Lukas van der Flaas,lukvanderflaas,lukvanderflaas@bedrijf.local,+31-619926552,Onderzoek en Ontwikkeling,Onderzoeks Engineer
000661,Meike Barents,Meike,Barents,Meike Barents,meibarents,meibarents@bedrijf.local,+31-690674872,Onderzoek en Ontwikkeling,Product Ontwikkelaar
000662,Mathijs van Haspengouw Hesbaye,Mathijs,van Haspengouw Hesbaye,Mathijs van Haspengouw Hesbaye,matvanhaspengouwhesbaye,matvanhaspengouwhesbaye@bedrijf.local,+31-659442295,Onderzoek en Ontwikkeling,Data Analist
000663,Joris van de Berg,Joris,van de Berg,Joris van de Berg,jorvandeberg,jorvandeberg@bedrijf.local,+31-644919790,Onderzoek en Ontwikkeling,Data Analist
000664,Jet Weyland,Jet,Weyland,Jet Weyland,jetweyland,jetweyland@bedrijf.local,+31-638288131,Onderzoek en Ontwikkeling,Onderzoeks Engineer
000665,Tim de Hoogh,Tim,de Hoogh,Tim de Hoogh,timdehoogh,timdehoogh@bedrijf.local,+31-676204287,Onderzoek en Ontwikkeling,Onderzoeks Engineer
000666,Puk Galijn,Puk,Galijn,Puk Galijn,pukgalijn,pukgalijn@bedrijf.local,+31-676073381,Onderzoek en Ontwikkeling,R&D Specialist
000667,Elise van de Eerenbeemt,Elise,van de Eerenbeemt,Elise van de Eerenbeemt,elivandeeerenbeemt,elivandeeerenbeemt@bedrijf.local,+31-619000011,Onderzoek en Ontwikkeling,Data Analist
000668,Jacob Kalman,Jacob,Kalman,Jacob Kalman,jackalman,jackalman@bedrijf.local,+31-652891024,Onderzoek en Ontwikkeling,Product Ontwikkelaar
000669,Sam Brizee,Sam,Brizee,Sam Brizee,sambrizee,sambrizee@bedrijf.local,+31-645755484,Onderzoek en Ontwikkeling,R&D Specialist
000670,Elias van den Velden,Elias,van den Velden,Elias van den Velden,elivandenvelden,elivandenvelden@bedrijf.local,+31-673862740,Onderzoek en Ontwikkeling,R&D Specialist
000671,Tara van Henegouwen,Tara,van Henegouwen,Tara van Henegouwen,tarvanhenegouwen,tarvanhenegouwen@bedrijf.local,+31-646583724,Onderzoek en Ontwikkeling,Product Ontwikkelaar
000672,Jennifer van der Heiden,Jennifer,van der Heiden,Jennifer van der Heiden,jenvanderheiden,jenvanderheiden@bedrijf.local,+31-686551589,Onderzoek en Ontwikkeling,R&D Specialist
000673,Hugo Lijn,Hugo,Lijn,Hugo Lijn,huglijn,huglijn@bedrijf.local,+31-635054819,Onderzoek en Ontwikkeling,Onderzoeks Engineer
000674,Valentijn Hagendoorn,Valentijn,Hagendoorn,Valentijn Hagendoorn,valhagendoorn,valhagendoorn@bedrijf.local,+31-621993643,Onderzoek en Ontwikkeling,R&D Specialist
000675,Jordy van Boven,Jordy,van Boven,Jordy van Boven,jorvanboven,jorvanboven@bedrijf.local,+31-644193965,Onderzoek en Ontwikkeling,Onderzoeks Engineer
000676,Kate Strijker,Kate,Strijker,Kate Strijker,katstrijker,katstrijker@bedrijf.local,+31-666135613,Onderzoek en Ontwikkeling,Data Analist
000677,Merel van Wijk,Merel,van Wijk,Merel van Wijk,mervanwijk,mervanwijk@bedrijf.local,+31-614835100,Onderzoek en Ontwikkeling,R&D Specialist
000678,Mathijs Ouwerkerk,Mathijs,Ouwerkerk,Mathijs Ouwerkerk,matouwerkerk,matouwerkerk@bedrijf.local,+31-675129621,Onderzoek en Ontwikkeling,Product Ontwikkelaar
000679,Dani Mulder,Dani,Mulder,Dani Mulder,danmulder,danmulder@bedrijf.local,+31-690185899,Onderzoek en Ontwikkeling,Product Ontwikkelaar
000680,Nina van de Ven,Nina,van de Ven,Nina van de Ven,ninvandeven,ninvandeven@bedrijf.local,+31-690387448,Onderzoek en Ontwikkeling,Data Analist
